aluno_id,cidade,escola_origem,canal_captacao,n_matriculas,taxa_presenca,nota_pct_media,nota_diagnostico_media,aprovado
A00001,Fortaleza,Não informado,Instagram,17,83.5820895522388,63.35837837837837,57.358823529411765,1
A00002,Crato,Federal,Feira escolar,8,89.55223880597015,57.236111111111114,57.6125,0
A00003,Horizonte,Privada,Indicação,11,81.81818181818183,60.812727272727265,59.31818181818182,0
A00004,Juazeiro do Norte,Pública,Google,10,85.29411764705883,60.78357142857143,54.64,0
A00005,Caucaia,Não informado,WhatsApp,11,84.76190476190476,52.54772727272727,63.809090909090905,0
A00006,Horizonte,Privada,WhatsApp,19,84.45945945945947,64.4190625,61.136842105263156,1
A00007,Maracanaú,Não informado,Não informado,7,77.55102040816327,62.584210526315786,54.18571428571429,0
A00008,Itapipoca,Pública,Instagram,15,83.33333333333334,63.56666666666666,63.32,1
A00009,Fortaleza,Privada,Feira escolar,10,82.89473684210526,62.650999999999996,57.46,0
A00010,Sobral,Privada,Instagram,11,84.375,61.30384615384615,67.00909090909092,0
A00011,Aquiraz,Não informado,Indicação,14,77.77777777777779,60.82666666666666,58.050000000000004,0
A00012,Eusébio,Pública,Instagram,18,85.13513513513513,64.50558823529411,61.36666666666666,0
A00013,Maracanaú,Pública,Instagram,9,80.95238095238095,59.11740740740741,64.19999999999999,0
A00014,Juazeiro do Norte,Privada,WhatsApp,7,84.0909090909091,62.63625,64.05714285714285,0
A00015,Fortaleza,Não informado,WhatsApp,8,88.88888888888889,68.69,50.1875,0
A00016,Fortaleza,Federal,Indicação,16,79.38931297709924,65.03999999999999,65.1875,1
A00017,Juazeiro do Norte,Pública,Google,9,80.0,64.49055555555555,59.98888888888889,1
A00018,Fortaleza,Não informado,WhatsApp,11,88.04347826086956,58.60739130434783,50.90909090909091,0
A00019,Fortaleza,Não informado,Não informado,9,82.5,53.01294117647059,57.766666666666666,1
A00020,Fortaleza,Não informado,Instagram,11,81.42857142857143,62.36904761904762,60.25454545454545,0
A00021,Aquiraz,Pública,Feira escolar,7,84.48275862068965,64.55375,59.457142857142856,1
A00022,Fortaleza,Privada,Não informado,21,80.89171974522293,60.98309523809524,52.08571428571428,1
A00023,Juazeiro do Norte,Não informado,Não informado,16,86.36363636363636,58.13205882352941,55.0,1
A00024,Maracanaú,Federal,Google,18,85.8108108108108,65.60392156862746,59.638888888888886,1
A00025,Crato,Pública,WhatsApp,16,83.82352941176471,60.275957446808505,56.975,1
A00026,Juazeiro do Norte,Privada,Instagram,17,82.64462809917356,67.26765957446808,57.21764705882353,1
A00027,Pacatuba,Pública,Não informado,10,86.36363636363636,62.940714285714286,55.839999999999996,1
A00028,Pacatuba,Pública,Não informado,8,78.94736842105263,67.53076923076922,64.5125,0
A00029,Eusébio,Pública,WhatsApp,7,88.88888888888889,66.0,55.18571428571429,1
A00030,Fortaleza,Privada,Instagram,9,83.13253012048193,59.099999999999994,60.87777777777777,0
A00031,Crato,Privada,Google,26,85.07462686567165,60.24293103448276,56.44230769230769,1
A00032,Sobral,Não informado,Feira escolar,11,82.71604938271605,63.78947368421053,58.26363636363636,0
A00033,Maracanaú,Não informado,Não informado,15,84.0,63.5026,53.71333333333334,0
A00034,Juazeiro do Norte,Federal,WhatsApp,10,79.48717948717949,63.972272727272724,63.25,1
A00035,Eusébio,Federal,Instagram,9,83.33333333333334,61.95458333333334,58.55555555555556,1
A00036,Sobral,Pública,Indicação,11,79.56989247311827,62.454499999999996,54.9,0
A00037,Fortaleza,Federal,Feira escolar,22,82.85714285714286,59.586666666666666,58.42727272727273,1
A00038,Sobral,Pública,WhatsApp,19,81.57894736842105,57.39744186046512,57.66842105263158,0
A00039,Fortaleza,Pública,Instagram,7,90.38461538461539,59.130434782608695,58.885714285714286,0
A00040,Pacatuba,Pública,WhatsApp,8,83.09859154929578,63.03103448275862,57.9625,0
A00041,Horizonte,Federal,Não informado,8,76.66666666666667,67.13199999999999,53.5625,0
A00042,Eusébio,Pública,Não informado,11,88.04347826086956,64.13733333333333,55.67272727272727,0
A00043,Pacatuba,Pública,Indicação,10,84.21052631578947,61.55681818181818,56.879999999999995,0
A00044,Maracanaú,Pública,WhatsApp,11,77.21518987341773,63.438095238095244,55.25454545454545,0
A00045,Itapipoca,Não informado,Indicação,20,84.14634146341463,60.207812499999996,56.910000000000004,1
A00046,Fortaleza,Pública,Instagram,6,93.02325581395348,62.151428571428575,66.43333333333334,1
A00047,Sobral,Pública,Google,10,88.37209302325581,59.50944444444445,53.31,1
A00048,Pacatuba,Pública,Indicação,11,81.91489361702128,64.42458333333333,65.57272727272726,1
A00049,Horizonte,Privada,Feira escolar,11,84.5360824742268,71.0155,61.48181818181818,1
A00050,Itapipoca,Privada,Indicação,10,91.78082191780823,62.17153846153846,54.529999999999994,0
A00051,Eusébio,Privada,Feira escolar,22,85.63218390804597,63.552058823529414,60.81363636363637,1
A00052,Maracanaú,Privada,Instagram,7,78.94736842105263,62.15666666666667,58.271428571428565,0
A00053,Itapipoca,Federal,Feira escolar,8,75.0,66.88666666666667,58.85,0
A00054,Crato,Privada,Google,10,83.75,63.92,62.92,1
A00055,Fortaleza,Privada,WhatsApp,9,77.5,68.2975,62.43333333333333,0
A00056,Fortaleza,Não informado,Não informado,10,86.3013698630137,63.22695652173913,62.73,0
A00057,Crato,Não informado,Google,10,91.17647058823529,61.69655172413793,57.4,0
A00058,Maracanaú,Pública,Google,11,87.77777777777777,59.86346153846154,55.01818181818182,0
A00059,Caucaia,Privada,Feira escolar,10,88.76404494382022,55.87052631578947,61.92,1
A00060,Itapipoca,Não informado,Não informado,21,81.65680473372781,64.78657894736841,54.7952380952381,1
A00061,Juazeiro do Norte,Pública,Feira escolar,8,83.09859154929578,60.33571428571429,58.45,0
A00062,Fortaleza,Não informado,Feira escolar,20,82.92682926829268,60.77103448275862,57.17,1
A00063,Horizonte,Privada,Google,18,84.67153284671532,61.78033333333334,56.87222222222223,1
A00064,Sobral,Pública,Instagram,17,81.75182481751825,63.24704545454545,60.847058823529416,1
A00065,Maracanaú,Privada,Não informado,9,85.71428571428571,66.8375,56.12222222222223,0
A00066,Maracanaú,Pública,Indicação,11,79.16666666666666,70.175,51.74545454545454,0
A00067,Eusébio,Pública,WhatsApp,9,85.29411764705883,57.241379310344826,59.65555555555555,0
A00068,Eusébio,Pública,Feira escolar,21,84.35754189944134,61.205625,54.81428571428571,1
A00069,Itapipoca,Não informado,WhatsApp,19,85.35031847133759,60.416428571428575,61.321052631578944,1
A00070,Fortaleza,Privada,WhatsApp,11,87.2340425531915,58.71181818181819,54.66363636363637,0
A00071,Aquiraz,Federal,WhatsApp,8,85.48387096774194,61.09090909090909,65.1875,0
A00072,Fortaleza,Pública,Instagram,7,79.54545454545455,60.173846153846156,63.18571428571429,0
A00073,Maracanaú,Privada,Google,11,86.74698795180723,61.67857142857143,54.26363636363636,0
A00074,Fortaleza,Pública,WhatsApp,10,86.20689655172413,59.34791666666666,67.22999999999999,0
A00075,Juazeiro do Norte,Privada,Instagram,9,92.06349206349206,60.503888888888895,63.455555555555556,0
A00076,Aquiraz,Privada,Instagram,18,90.0,61.15755555555556,63.77777777777778,1
A00077,Horizonte,Privada,Instagram,21,83.60655737704919,55.689,60.5047619047619,1
A00078,Fortaleza,Não informado,Feira escolar,19,77.33333333333333,62.43634615384615,63.4421052631579,0
A00079,Maracanaú,Pública,WhatsApp,17,87.24832214765101,59.470740740740744,60.829411764705874,1
A00080,Itapipoca,Pública,Instagram,8,89.28571428571429,69.32428571428571,61.75,1
A00081,Fortaleza,Não informado,Google,10,83.13253012048193,65.11666666666666,57.260000000000005,1
A00082,Crato,Pública,Não informado,9,77.63157894736842,60.749,60.55555555555556,1
A00083,Crato,Não informado,Indicação,11,89.79591836734694,61.855,64.78181818181818,1
A00084,Fortaleza,Não informado,Instagram,8,93.54838709677419,60.603846153846156,47.1375,0
A00085,Pacatuba,Privada,Instagram,11,86.41975308641975,63.54642857142857,57.98181818181818,1
A00086,Aquiraz,Privada,Indicação,9,84.21052631578947,60.50666666666667,56.06666666666667,1
A00087,Aquiraz,Pública,Instagram,18,80.95238095238095,64.23026315789474,62.87777777777777,1
A00088,Aquiraz,Privada,Não informado,19,80.8641975308642,69.81358974358974,58.90526315789474,0
A00089,Aquiraz,Não informado,Instagram,11,89.58333333333334,63.21142857142858,56.21818181818182,0
A00090,Sobral,Privada,WhatsApp,9,73.68421052631578,66.76642857142858,65.88888888888889,1
A00091,Aquiraz,Pública,Instagram,19,88.66666666666667,58.3896,58.27894736842105,0
A00092,Caucaia,Privada,Google,8,86.56716417910447,65.13347826086957,53.45,0
A00093,Pacatuba,Pública,Não informado,9,81.69014084507043,64.74866666666667,50.13333333333333,0
A00094,Crato,Não informado,Não informado,9,77.38095238095238,64.77653846153846,59.388888888888886,0
A00095,Fortaleza,Pública,Feira escolar,19,87.07482993197279,60.375,61.22631578947368,0
A00096,Crato,Privada,WhatsApp,8,75.36231884057972,66.343125,63.087500000000006,1
A00097,Horizonte,Não informado,WhatsApp,11,77.92207792207793,65.90466666666666,60.16363636363636,0
A00098,Fortaleza,Privada,Instagram,6,81.81818181818183,59.332608695652176,61.583333333333336,0
A00099,Pacatuba,Privada,WhatsApp,9,81.48148148148148,59.71304347826087,53.34444444444445,1
A00100,Aquiraz,Privada,Não informado,7,74.54545454545455,67.85058823529413,56.371428571428574,0
A00101,Maracanaú,Federal,Não informado,10,84.4155844155844,68.676,58.21,1
A00102,Horizonte,Federal,Instagram,29,85.59322033898306,61.50197183098592,59.893103448275866,1
A00103,Pacatuba,Privada,Indicação,8,92.1875,65.88666666666667,58.5375,0
A00104,Eusébio,Privada,WhatsApp,28,86.22222222222223,64.28770491803279,58.517857142857146,0
A00105,Aquiraz,Não informado,Indicação,9,89.33333333333333,59.939375,63.8111111111111,0
A00106,Horizonte,Privada,Google,9,88.0,62.51523809523809,60.333333333333336,0
A00107,Juazeiro do Norte,Federal,Não informado,17,83.96946564885496,63.94548387096774,56.57647058823529,1
A00108,Itapipoca,Não informado,Instagram,9,84.48275862068965,61.76962962962963,58.82222222222222,1
A00109,Itapipoca,Privada,Google,17,85.71428571428571,63.78148148148148,57.07647058823529,1
A00110,Juazeiro do Norte,Federal,Instagram,6,83.92857142857143,54.02,69.76666666666667,1
A00111,Crato,Privada,Não informado,18,84.9673202614379,64.72435897435898,54.45555555555555,1
A00112,Fortaleza,Pública,Não informado,11,84.5360824742268,61.4196,58.51818181818182,0
A00113,Aquiraz,Privada,Indicação,15,80.9090909090909,63.1153125,59.03333333333333,0
A00114,Caucaia,Federal,Google,15,87.4015748031496,57.88375,58.513333333333335,0
A00115,Maracanaú,Não informado,Instagram,17,84.93150684931507,60.412830188679244,51.82941176470588,0
A00116,Caucaia,Pública,Google,7,76.78571428571429,64.53055555555555,63.94285714285714,0
A00117,Maracanaú,Não informado,Instagram,10,89.74358974358975,53.174,55.85,0
A00118,Sobral,Pública,Instagram,8,77.96610169491525,58.744166666666665,56.0625,0
A00119,Aquiraz,Pública,Feira escolar,9,90.76923076923077,67.94857142857143,50.63333333333333,0
A00120,Maracanaú,Federal,WhatsApp,25,78.53403141361257,60.44318181818182,61.071999999999996,1
A00121,Aquiraz,Federal,Google,11,83.33333333333334,64.11,53.445454545454545,0
A00122,Aquiraz,Não informado,Instagram,10,87.65432098765432,66.88235294117646,60.64,0
A00123,Maracanaú,Federal,Instagram,10,84.28571428571429,58.52307692307693,56.260000000000005,0
A00124,Maracanaú,Não informado,Instagram,8,82.45614035087719,60.46777777777778,56.675,1
A00125,Fortaleza,Privada,Não informado,16,86.92307692307692,65.71724137931034,64.58125,0
A00126,Maracanaú,Não informado,Instagram,10,93.05555555555556,66.8935294117647,60.510000000000005,0
A00127,Juazeiro do Norte,Federal,Feira escolar,11,85.18518518518519,64.495,54.74545454545455,0
A00128,Maracanaú,Federal,Instagram,9,85.8974358974359,46.12227272727273,58.91111111111112,0
A00129,Itapipoca,Não informado,Não informado,27,83.73205741626795,62.6935294117647,57.44444444444444,1
A00130,Maracanaú,Pública,Google,9,83.09859154929578,62.593333333333334,48.044444444444444,1
A00131,Aquiraz,Não informado,Não informado,9,85.0,63.04294117647059,55.25555555555556,0
A00132,Sobral,Pública,Instagram,10,91.66666666666666,64.39259259259259,57.9,1
A00133,Pacatuba,Não informado,Instagram,17,85.07462686567165,54.73863636363637,57.48823529411764,1
A00134,Maracanaú,Privada,Indicação,16,87.2,59.93114285714286,63.25625,0
A00135,Eusébio,Pública,Não informado,8,76.05633802816901,59.445,54.025,0
A00136,Crato,Não informado,Feira escolar,7,82.0,55.685625,51.771428571428565,0
A00137,Itapipoca,Privada,Instagram,10,88.31168831168831,63.589642857142856,50.230000000000004,1
A00138,Fortaleza,Não informado,Instagram,19,83.125,61.105312500000004,57.6,0
A00139,Pacatuba,Não informado,Instagram,20,86.8421052631579,69.02757575757575,59.120000000000005,0
A00140,Fortaleza,Não informado,Instagram,19,85.2112676056338,62.37716981132076,52.747368421052634,0
A00141,Fortaleza,Pública,Google,8,84.84848484848484,57.048846153846156,55.900000000000006,0
A00142,Caucaia,Pública,WhatsApp,7,87.93103448275862,65.52666666666667,60.800000000000004,0
A00143,Sobral,Privada,Não informado,17,86.61417322834646,64.40551724137931,56.89411764705882,0
A00144,Itapipoca,Privada,Feira escolar,28,83.26530612244898,63.118983050847454,58.71071428571429,1
A00145,Maracanaú,Pública,Indicação,16,89.0625,63.88321428571429,58.525,0
A00146,Aquiraz,Federal,Não informado,10,91.13924050632912,58.545,66.96000000000001,0
A00147,Fortaleza,Não informado,Feira escolar,7,86.79245283018868,58.209523809523816,64.17142857142856,0
A00148,Eusébio,Pública,Feira escolar,9,81.33333333333333,65.50458333333334,59.64444444444444,1
A00149,Crato,Pública,Instagram,10,79.74683544303798,51.52625,63.779999999999994,1
A00150,Caucaia,Privada,Feira escolar,9,78.2051282051282,66.4125925925926,53.97777777777778,0
A00151,Itapipoca,Não informado,Feira escolar,7,93.47826086956522,54.70705882352941,53.285714285714285,0
A00152,Maracanaú,Privada,Instagram,21,84.30232558139535,63.50206896551724,58.671428571428564,1
A00153,Eusébio,Privada,Google,8,84.12698412698413,60.33294117647059,56.325,0
A00154,Aquiraz,Não informado,Instagram,7,89.79591836734694,62.86526315789474,52.48571428571429,0
A00155,Itapipoca,Não informado,Indicação,8,87.5,62.959583333333335,51.9625,0
A00156,Maracanaú,Privada,Não informado,7,87.03703703703704,64.5078947368421,65.32857142857144,1
A00157,Fortaleza,Privada,Instagram,7,79.16666666666666,64.74388888888889,56.08571428571429,1
A00158,Fortaleza,Pública,Instagram,11,87.8048780487805,59.34444444444445,58.93636363636363,1
A00159,Maracanaú,Pública,Instagram,17,84.05797101449275,61.21888888888889,52.911764705882355,0
A00160,Crato,Pública,Não informado,8,84.21052631578947,56.720625,59.2625,0
A00161,Fortaleza,Federal,Feira escolar,8,87.87878787878788,59.6725,56.3375,0
A00162,Aquiraz,Não informado,Indicação,19,85.25641025641025,60.6425,54.95789473684211,1
A00163,Sobral,Federal,Feira escolar,10,79.56989247311827,59.70055555555555,52.08,0
A00164,Itapipoca,Não informado,Google,7,86.15384615384616,65.46052631578948,54.82857142857143,0
A00165,Horizonte,Privada,Google,9,86.48648648648648,60.36684210526316,67.25555555555556,0
A00166,Sobral,Não informado,Instagram,9,87.17948717948718,67.325,67.02222222222223,0
A00167,Sobral,Não informado,Google,9,92.64705882352942,58.07115384615384,58.888888888888886,0
A00168,Caucaia,Pública,Feira escolar,18,87.76978417266187,62.28171428571429,61.611111111111114,0
A00169,Itapipoca,Pública,Indicação,10,83.54430379746836,60.48454545454546,57.279999999999994,0
A00170,Maracanaú,Não informado,Feira escolar,7,76.36363636363637,65.25375,59.771428571428565,0
A00171,Maracanaú,Não informado,Indicação,7,82.6923076923077,62.75052631578947,65.44285714285714,1
A00172,Maracanaú,Não informado,Indicação,11,75.5813953488372,60.699285714285715,52.71818181818182,0
A00173,Maracanaú,Federal,Não informado,8,87.5,68.325,52.5875,1
A00174,Eusébio,Pública,WhatsApp,11,83.72093023255815,60.63258064516129,59.690909090909095,0
A00175,Horizonte,Federal,WhatsApp,16,86.0655737704918,57.75435897435898,61.78125,1
A00176,Fortaleza,Não informado,Feira escolar,7,91.48936170212765,60.357200000000006,54.471428571428575,1
A00177,Horizonte,Privada,Instagram,17,80.45112781954887,62.24121212121212,52.858823529411765,1
A00178,Fortaleza,Não informado,Feira escolar,10,90.2439024390244,56.188235294117646,48.44,0
A00179,Aquiraz,Privada,Indicação,8,81.81818181818183,66.0968,56.612500000000004,0
A00180,Caucaia,Pública,Indicação,11,82.02247191011236,64.90941176470588,52.97272727272727,0
A00181,Fortaleza,Pública,Não informado,8,81.94444444444444,59.4604,51.2375,1
A00182,Maracanaú,Pública,Google,11,82.27848101265823,65.48928571428571,62.09090909090909,1
A00183,Eusébio,Pública,WhatsApp,8,86.3013698630137,61.67666666666666,56.025,0
A00184,Crato,Pública,WhatsApp,7,86.0,63.655454545454546,54.89999999999999,0
A00185,Sobral,Não informado,Google,18,85.12396694214877,59.96645161290323,54.72222222222222,1
A00186,Maracanaú,Não informado,Instagram,11,86.04651162790698,64.77692307692308,55.654545454545456,0
A00187,Pacatuba,Privada,Indicação,10,86.74698795180723,59.14045454545454,64.31,1
A00188,Fortaleza,Federal,Indicação,10,84.88372093023256,55.858823529411765,58.5,0
A00189,Juazeiro do Norte,Privada,Instagram,17,79.52755905511812,57.59615384615385,59.42941176470589,0
A00190,Sobral,Privada,Não informado,11,84.94623655913979,59.596875,59.85454545454545,0
A00191,Maracanaú,Privada,Google,9,79.1044776119403,62.677083333333336,55.65555555555555,0
A00192,Aquiraz,Não informado,Feira escolar,11,83.54430379746836,59.81894736842105,54.2,0
A00193,Caucaia,Não informado,Instagram,9,86.76470588235294,72.62090909090908,60.022222222222226,1
A00194,Horizonte,Não informado,Instagram,19,85.97560975609755,60.24258064516129,63.584210526315786,0
A00195,Itapipoca,Não informado,WhatsApp,8,83.33333333333334,58.955652173913045,56.675,0
A00196,Pacatuba,Não informado,Google,8,84.28571428571429,65.59538461538462,59.1125,0
A00197,Eusébio,Privada,Feira escolar,7,88.46153846153845,65.31238095238095,65.88571428571429,1
A00198,Fortaleza,Privada,Indicação,10,80.51948051948052,60.42368421052631,62.970000000000006,0
A00199,Caucaia,Pública,Feira escolar,11,87.5,65.904,62.627272727272725,1
A00200,Pacatuba,Pública,Google,9,86.76470588235294,68.24894736842106,55.077777777777776,0
A00201,Sobral,Privada,Instagram,30,82.5910931174089,60.62,59.82666666666667,1
A00202,Fortaleza,Federal,WhatsApp,22,83.13953488372093,61.693333333333335,56.24090909090909,1
A00203,Maracanaú,Privada,Feira escolar,11,83.69565217391305,59.57142857142857,55.690909090909095,0
A00204,Pacatuba,Privada,Google,10,80.3030303030303,59.03846153846154,51.69,0
A00205,Itapipoca,Não informado,WhatsApp,8,85.18518518518519,62.297777777777775,53.7375,0
A00206,Pacatuba,Pública,Indicação,17,83.33333333333334,63.17344827586207,61.64117647058824,1
A00207,Fortaleza,Privada,Google,8,85.07462686567165,64.25,58.1625,0
A00208,Fortaleza,Não informado,Google,17,87.4074074074074,61.4615625,59.55294117647059,0
A00209,Horizonte,Pública,Google,28,79.66101694915254,62.06924528301887,58.557142857142864,1
A00210,Eusébio,Privada,Instagram,10,85.13513513513513,61.216842105263154,65.51,0
A00211,Fortaleza,Privada,Não informado,8,93.44262295081968,61.702173913043474,51.05,1
A00212,Eusébio,Privada,Indicação,9,80.0,61.281290322580645,57.900000000000006,0
A00213,Sobral,Federal,Indicação,21,78.14207650273224,64.40354838709678,60.77142857142857,0
A00214,Caucaia,Pública,Instagram,7,83.92857142857143,59.5875,57.38571428571429,1
A00215,Pacatuba,Pública,Não informado,11,82.6923076923077,62.706,57.82727272727273,0
A00216,Pacatuba,Não informado,Indicação,10,88.1578947368421,59.02966666666667,62.010000000000005,1
A00217,Fortaleza,Não informado,Instagram,8,82.85714285714286,58.966,57.7375,0
A00218,Aquiraz,Pública,Feira escolar,9,81.53846153846153,66.84368421052632,60.888888888888886,0
A00219,Fortaleza,Pública,Google,18,80.3921568627451,65.93428571428572,64.98888888888888,0
A00220,Sobral,Privada,WhatsApp,8,93.22033898305084,61.266666666666666,56.6125,1
A00221,Caucaia,Não informado,Não informado,7,88.67924528301887,67.011,52.785714285714285,0
A00222,Caucaia,Federal,WhatsApp,21,83.04093567251462,62.059230769230766,57.76190476190476,0
A00223,Fortaleza,Privada,Instagram,10,86.58536585365853,69.12055555555555,65.71000000000001,1
A00224,Horizonte,Não informado,Instagram,20,84.76821192052981,61.027878787878784,58.435,1
A00225,Maracanaú,Pública,Google,17,84.12698412698413,58.269411764705886,60.98235294117647,0
A00226,Horizonte,Privada,Indicação,26,82.71028037383178,64.58934782608696,57.93846153846154,1
A00227,Fortaleza,Privada,Instagram,7,86.27450980392157,60.15238095238095,59.785714285714285,1
A00228,Crato,Privada,Instagram,11,86.66666666666667,63.23538461538462,61.67272727272727,0
A00229,Eusébio,Privada,Instagram,6,74.46808510638297,64.42896551724138,60.199999999999996,0
A00230,Fortaleza,Privada,WhatsApp,8,85.48387096774194,63.292857142857144,61.9875,1
A00231,Pacatuba,Federal,Feira escolar,11,84.21052631578947,56.14666666666667,60.654545454545456,0
A00232,Maracanaú,Federal,Instagram,31,82.66129032258065,61.74842105263158,60.251612903225805,1
A00233,Fortaleza,Privada,Não informado,10,87.32394366197182,55.45076923076923,61.589999999999996,0
A00234,Caucaia,Federal,Feira escolar,11,78.72340425531915,60.299,64.02727272727272,0
A00235,Maracanaú,Federal,Feira escolar,7,81.81818181818183,71.72727272727273,59.15714285714285,0
A00236,Maracanaú,Federal,Google,21,87.1951219512195,64.08129032258064,53.60476190476191,0
A00237,Maracanaú,Privada,Indicação,11,83.11688311688312,65.84423076923078,55.08181818181818,0
A00238,Eusébio,Federal,Indicação,11,79.76190476190477,62.291666666666664,54.82727272727273,1
A00239,Fortaleza,Não informado,Feira escolar,8,90.66666666666666,56.31666666666666,57.075,1
A00240,Horizonte,Federal,Instagram,19,85.88957055214725,62.616279069767444,53.43684210526315,0
A00241,Fortaleza,Federal,WhatsApp,11,90.9090909090909,65.97724137931034,57.445454545454545,0
A00242,Aquiraz,Federal,Indicação,7,91.37931034482759,56.1052380952381,59.114285714285714,0
A00243,Caucaia,Não informado,Feira escolar,7,78.18181818181819,60.49047619047619,55.785714285714285,0
A00244,Eusébio,Privada,Instagram,9,81.81818181818183,58.54076923076923,53.166666666666664,0
A00245,Fortaleza,Pública,Instagram,11,80.0,59.858823529411765,56.38181818181818,0
A00246,Eusébio,Pública,Indicação,7,81.35593220338984,63.2025,65.27142857142857,0
A00247,Fortaleza,Privada,Não informado,15,88.98305084745762,60.030625,54.3,1
A00248,Caucaia,Privada,WhatsApp,9,76.31578947368422,63.089629629629634,58.62222222222223,0
A00249,Juazeiro do Norte,Privada,Não informado,19,82.11920529801324,63.46933333333333,58.531578947368416,0
A00250,Itapipoca,Privada,Não informado,29,83.710407239819,61.45283333333334,59.5551724137931,1
A00251,Pacatuba,Federal,Indicação,9,84.93150684931507,63.594,51.988888888888894,1
A00252,Aquiraz,Federal,Instagram,9,85.91549295774648,56.580000000000005,56.3111111111111,1
A00253,Juazeiro do Norte,Federal,Feira escolar,7,91.37931034482759,48.89866666666667,53.871428571428574,0
A00254,Fortaleza,Privada,Instagram,8,83.33333333333334,62.10125,59.1,1
A00255,Maracanaú,Pública,Instagram,6,86.36363636363636,63.49375,51.4,0
A00256,Fortaleza,Pública,WhatsApp,18,87.21804511278195,58.73230769230769,62.099999999999994,0
A00257,Eusébio,Privada,Instagram,10,86.58536585365853,62.04136363636364,61.45,0
A00258,Fortaleza,Não informado,WhatsApp,8,82.53968253968253,64.39571428571428,54.975,0
A00259,Fortaleza,Federal,Google,7,81.35593220338984,65.87722222222222,60.285714285714285,1
A00260,Aquiraz,Pública,Google,10,81.81818181818183,70.28615384615385,62.23,1
A00261,Eusébio,Não informado,Instagram,9,79.1044776119403,64.345,52.02222222222222,0
A00262,Eusébio,Privada,Instagram,7,83.33333333333334,63.8776,59.57142857142857,1
A00263,Sobral,Privada,Feira escolar,11,76.47058823529412,66.20166666666665,57.14545454545455,1
A00264,Fortaleza,Federal,Não informado,11,82.92682926829268,65.425,50.93636363636363,0
A00265,Horizonte,Federal,Feira escolar,22,84.30232558139535,58.567419354838705,57.622727272727275,1
A00266,Pacatuba,Federal,Indicação,9,78.87323943661971,60.33157894736842,53.922222222222224,0
A00267,Itapipoca,Privada,WhatsApp,19,88.0794701986755,66.56216216216217,55.17368421052631,0
A00268,Horizonte,Privada,Indicação,8,86.36363636363636,62.80620689655173,59.15,0
A00269,Maracanaú,Privada,Não informado,10,82.5,63.330000000000005,60.86,0
A00270,Juazeiro do Norte,Privada,WhatsApp,11,88.31168831168831,60.677058823529414,53.31818181818182,1
A00271,Fortaleza,Pública,WhatsApp,16,88.28828828828829,59.925666666666665,52.7625,0
A00272,Maracanaú,Privada,Instagram,9,81.81818181818183,64.49684210526316,60.3111111111111,0
A00273,Eusébio,Pública,Não informado,8,90.0,60.02066666666667,62.9375,1
A00274,Eusébio,Pública,Feira escolar,11,83.75,60.211875,52.36363636363637,1
A00275,Fortaleza,Privada,Google,19,87.5,58.15384615384615,61.88947368421053,1
A00276,Eusébio,Privada,Não informado,10,80.26315789473685,56.02307692307692,57.31,1
A00277,Maracanaú,Pública,Não informado,10,86.66666666666667,66.24615384615385,57.31,1
A00278,Maracanaú,Pública,Feira escolar,9,86.56716417910447,58.540000000000006,61.84444444444445,0
A00279,Maracanaú,Privada,Não informado,9,86.11111111111111,67.02666666666667,48.144444444444446,1
A00280,Fortaleza,Pública,Indicação,10,85.0,58.71727272727273,50.88,0
A00281,Juazeiro do Norte,Privada,Não informado,9,89.55223880597015,67.95533333333333,52.888888888888886,0
A00282,Maracanaú,Federal,Feira escolar,10,78.04878048780488,63.59958333333333,55.86,0
A00283,Maracanaú,Pública,Não informado,30,81.6,62.26333333333333,54.91,1
A00284,Itapipoca,Privada,Instagram,9,86.48648648648648,59.36666666666666,56.666666666666664,0
A00285,Juazeiro do Norte,Privada,Instagram,9,82.5,62.538947368421056,56.955555555555556,0
A00286,Sobral,Federal,Não informado,7,81.35593220338984,73.796,61.042857142857144,1
A00287,Eusébio,Privada,Não informado,10,79.03225806451613,52.574999999999996,52.67999999999999,0
A00288,Fortaleza,Pública,Instagram,18,82.26950354609929,58.12425925925926,60.13333333333334,1
A00289,Itapipoca,Não informado,Não informado,10,89.87341772151899,64.0326923076923,56.279999999999994,0
A00290,Crato,Pública,Instagram,9,85.71428571428571,67.54882352941176,57.72222222222222,0
A00291,Fortaleza,Federal,Instagram,8,85.13513513513513,65.9892,54.75,0
A00292,Itapipoca,Não informado,Google,8,84.12698412698413,55.26294117647059,68.1,0
A00293,Crato,Pública,Não informado,10,90.0,58.587391304347825,62.85,0
A00294,Crato,Privada,Feira escolar,9,78.2051282051282,69.41652173913043,57.833333333333336,1
A00295,Caucaia,Não informado,WhatsApp,8,85.5072463768116,65.07066666666667,54.137499999999996,0
A00296,Sobral,Privada,Instagram,18,84.31372549019608,66.57317073170732,56.666666666666664,0
A00297,Itapipoca,Pública,Indicação,8,81.63265306122449,58.118,44.475,1
A00298,Pacatuba,Privada,Não informado,8,95.0,61.70625,53.3,1
A00299,Fortaleza,Privada,Instagram,10,84.70588235294117,63.40095238095238,65.78999999999999,1
A00300,Aquiraz,Pública,Não informado,11,82.79569892473118,56.402272727272724,51.18181818181818,1
A00301,Aquiraz,Pública,Instagram,8,86.56716417910447,65.40730769230768,61.325,0
A00302,Sobral,Privada,WhatsApp,8,87.27272727272727,58.56071428571429,53.237500000000004,0
A00303,Maracanaú,Pública,WhatsApp,17,85.0,62.28707317073171,61.35882352941176,1
A00304,Eusébio,Pública,Não informado,21,80.92485549132948,59.75315789473684,58.23809523809524,1
A00305,Fortaleza,Não informado,Indicação,10,91.56626506024097,56.74904761904762,57.410000000000004,1
A00306,Fortaleza,Pública,Não informado,8,79.03225806451613,57.44615384615384,58.6625,0
A00307,Fortaleza,Privada,Instagram,11,83.50515463917526,61.94625,61.127272727272725,0
A00308,Pacatuba,Não informado,Não informado,9,85.24590163934425,64.04,54.86666666666667,0
A00309,Caucaia,Pública,Não informado,9,84.14634146341463,66.355,59.03333333333333,0
A00310,Fortaleza,Privada,Instagram,10,77.77777777777779,56.61052631578947,53.4,1
A00311,Fortaleza,Privada,Feira escolar,16,80.7017543859649,59.5,59.8,0
A00312,Eusébio,Pública,Indicação,9,86.56716417910447,57.36866666666666,59.22222222222222,0
A00313,Itapipoca,Privada,Instagram,22,86.22754491017965,61.629183673469385,55.15,1
A00314,Maracanaú,Pública,Feira escolar,10,76.84210526315789,66.51583333333333,55.45,0
A00315,Juazeiro do Norte,Não informado,Instagram,18,85.91549295774648,67.12787878787879,57.416666666666664,0
A00316,Maracanaú,Pública,Feira escolar,9,82.08955223880598,61.19111111111111,63.12222222222223,1
A00317,Caucaia,Não informado,Instagram,20,86.95652173913044,60.710666666666675,64.795,0
A00318,Eusébio,Pública,Google,11,86.07594936708861,63.79846153846154,52.11818181818182,0
A00319,Crato,Não informado,WhatsApp,8,84.05797101449275,61.211764705882345,58.45,0
A00320,Horizonte,Não informado,Instagram,10,86.25,64.51666666666667,57.25,0
A00321,Fortaleza,Não informado,Google,8,84.375,62.64391304347826,55.925,0
A00322,Caucaia,Privada,Google,10,85.54216867469879,64.1725,59.470000000000006,0
A00323,Itapipoca,Privada,Não informado,8,85.0,67.72500000000001,62.675000000000004,1
A00324,Sobral,Não informado,Não informado,21,83.92857142857143,59.212857142857146,58.900000000000006,0
A00325,Pacatuba,Pública,Não informado,11,85.71428571428571,58.37392857142857,55.345454545454544,1
A00326,Caucaia,Não informado,Não informado,19,89.6103896103896,65.92676470588236,55.1578947368421,0
A00327,Caucaia,Federal,Instagram,11,80.95238095238095,72.74076923076923,53.972727272727276,0
A00328,Fortaleza,Privada,Instagram,19,82.6923076923077,63.19960784313725,57.58947368421053,0
A00329,Caucaia,Não informado,Google,20,84.4311377245509,59.813333333333325,55.895,0
A00330,Itapipoca,Privada,Instagram,9,82.89473684210526,65.02952380952381,52.8111111111111,0
A00331,Fortaleza,Não informado,Feira escolar,9,87.20930232558139,57.86428571428572,60.25555555555555,1
A00332,Horizonte,Privada,Indicação,11,82.92682926829268,65.816,56.90909090909091,0
A00333,Horizonte,Privada,Instagram,10,76.81159420289855,61.830000000000005,61.02,1
A00334,Juazeiro do Norte,Privada,WhatsApp,9,81.53846153846153,68.86999999999999,56.911111111111104,0
A00335,Juazeiro do Norte,Privada,Instagram,10,83.78378378378379,57.29761904761905,60.7,0
A00336,Horizonte,Não informado,Indicação,11,85.71428571428571,58.7225,57.13636363636363,0
A00337,Itapipoca,Não informado,Instagram,8,89.23076923076924,59.34444444444445,58.8,0
A00338,Fortaleza,Privada,WhatsApp,16,91.33858267716536,59.077551020408166,56.9375,0
A00339,Juazeiro do Norte,Não informado,Indicação,11,85.41666666666666,54.23391304347827,55.74545454545454,0
A00340,Aquiraz,Não informado,Não informado,10,79.6875,60.3316,56.64,1
A00341,Pacatuba,Federal,Instagram,11,84.04255319148936,57.933846153846154,68.05454545454546,0
A00342,Juazeiro do Norte,Pública,Instagram,9,82.53968253968253,62.19230769230769,57.03333333333333,0
A00343,Pacatuba,Privada,Instagram,20,86.28571428571429,64.07134615384615,53.635000000000005,0
A00344,Juazeiro do Norte,Não informado,Google,15,85.71428571428571,64.46341463414635,59.513333333333335,0
A00345,Crato,Privada,Instagram,9,89.6103896103896,65.52736842105263,57.599999999999994,0
A00346,Maracanaú,Não informado,Google,19,83.85093167701864,64.8332075471698,57.28947368421053,0
A00347,Sobral,Pública,Instagram,7,83.63636363636363,62.88730769230769,56.785714285714285,0
A00348,Sobral,Pública,Instagram,10,87.6923076923077,66.85625,57.239999999999995,0
A00349,Aquiraz,Não informado,Google,18,82.66666666666667,63.67028571428572,57.68333333333333,1
A00350,Caucaia,Não informado,Instagram,6,93.47826086956522,61.26111111111111,64.64999999999999,0
A00351,Horizonte,Não informado,Instagram,9,87.34177215189874,63.972857142857144,54.52222222222222,0
A00352,Eusébio,Pública,Instagram,10,78.26086956521739,62.266666666666666,50.34,1
A00353,Caucaia,Pública,WhatsApp,10,91.95402298850574,65.10125000000001,62.67,0
A00354,Crato,Não informado,Google,11,88.23529411764706,65.36999999999999,61.63636363636363,0
A00355,Eusébio,Pública,Feira escolar,18,83.96946564885496,64.99717391304348,60.977777777777774,1
A00356,Horizonte,Não informado,Não informado,7,86.0,65.61714285714285,57.614285714285714,1
A00357,Itapipoca,Federal,Google,17,88.9763779527559,62.55200000000001,62.57058823529412,1
A00358,Sobral,Pública,Google,8,80.88235294117648,65.03944444444444,67.35,0
A00359,Sobral,Não informado,Instagram,11,90.0,62.48333333333333,65.45454545454545,0
A00360,Pacatuba,Pública,Google,8,83.92857142857143,58.88099999999999,56.2625,0
A00361,Maracanaú,Não informado,Feira escolar,7,72.58064516129032,57.83611111111111,56.04285714285714,0
A00362,Caucaia,Não informado,Instagram,8,80.32786885245902,59.44142857142857,61.2375,0
A00363,Aquiraz,Privada,WhatsApp,17,77.94117647058823,62.90282608695652,63.42352941176471,1
A00364,Fortaleza,Não informado,Indicação,10,82.05128205128204,73.38588235294117,61.81,1
A00365,Maracanaú,Não informado,Google,11,84.4155844155844,61.543749999999996,63.972727272727276,0
A00366,Fortaleza,Privada,Instagram,8,82.35294117647058,67.15523809523809,62.075,0
A00367,Maracanaú,Não informado,Google,10,89.87341772151899,70.54666666666667,61.19,1
A00368,Caucaia,Privada,Instagram,10,81.08108108108108,62.03375,58.19,1
A00369,Crato,Não informado,Instagram,8,79.03225806451613,63.225,49.8875,1
A00370,Crato,Privada,Instagram,20,81.33333333333333,59.49260869565217,59.65,1
A00371,Fortaleza,Privada,Instagram,11,81.17647058823529,67.9,53.01818181818182,0
A00372,Aquiraz,Privada,Instagram,11,85.0,60.72375,58.31818181818182,0
A00373,Pacatuba,Federal,Não informado,10,85.33333333333334,62.889230769230764,56.760000000000005,0
A00374,Maracanaú,Privada,Instagram,10,88.31168831168831,66.574375,45.42,0
A00375,Maracanaú,Pública,Feira escolar,10,73.17073170731707,66.06294117647059,64.63,1
A00376,Sobral,Pública,Instagram,8,80.35714285714286,63.028275862068966,59.9875,0
A00377,Eusébio,Pública,Não informado,8,86.66666666666667,70.6615,60.275,1
A00378,Aquiraz,Privada,Google,8,86.48648648648648,58.24666666666667,55.724999999999994,0
A00379,Maracanaú,Não informado,Não informado,7,78.18181818181819,56.01153846153846,65.15714285714286,1
A00380,Eusébio,Não informado,WhatsApp,9,83.87096774193549,67.774,53.73333333333333,0
A00381,Caucaia,Privada,WhatsApp,10,85.41666666666666,62.269999999999996,54.879999999999995,1
A00382,Itapipoca,Privada,Google,11,92.5,64.21269230769231,56.50909090909091,1
A00383,Crato,Privada,Instagram,18,82.6086956521739,61.05244444444445,59.09444444444445,1
A00384,Maracanaú,Pública,WhatsApp,9,79.72972972972973,63.45238095238095,61.48888888888889,0
A00385,Sobral,Não informado,Google,7,92.98245614035088,67.6495,57.785714285714285,1
A00386,Maracanaú,Privada,Instagram,17,86.66666666666667,60.588529411764696,62.2764705882353,1
A00387,Caucaia,Privada,Indicação,11,84.04255319148936,62.99272727272728,62.64545454545455,1
A00388,Juazeiro do Norte,Pública,Instagram,17,81.25,60.589999999999996,52.05294117647059,1
A00389,Fortaleza,Federal,Feira escolar,16,83.5820895522388,63.38607142857143,64.775,1
A00390,Maracanaú,Privada,Instagram,20,86.75496688741721,61.03249999999999,54.42999999999999,1
A00391,Horizonte,Privada,Instagram,9,85.13513513513513,61.080000000000005,53.96666666666667,1
A00392,Pacatuba,Pública,WhatsApp,16,82.5,62.89177777777778,55.21875,0
A00393,Itapipoca,Pública,Feira escolar,10,93.81443298969072,60.44625,56.44,0
A00394,Fortaleza,Não informado,Instagram,11,84.04255319148936,61.13272727272727,61.48181818181818,1
A00395,Fortaleza,Pública,Instagram,18,86.9281045751634,56.7509756097561,53.90555555555555,0
A00396,Aquiraz,Não informado,Google,20,83.23353293413174,59.444545454545455,58.39,0
A00397,Sobral,Privada,WhatsApp,10,82.97872340425532,58.54666666666667,55.15,1
A00398,Eusébio,Pública,Instagram,15,86.32478632478633,61.559333333333335,62.54666666666667,1
A00399,Maracanaú,Pública,Google,9,80.64516129032258,57.911764705882355,69.8111111111111,0
A00400,Crato,Privada,Instagram,8,80.32786885245902,57.2075,51.7375,0
A00401,Eusébio,Privada,Feira escolar,10,81.48148148148148,64.59333333333333,62.11,0
A00402,Fortaleza,Não informado,Indicação,11,81.81818181818183,65.955,54.63636363636363,0
A00403,Fortaleza,Pública,Instagram,6,87.03703703703704,59.43233333333333,53.5,0
A00404,Maracanaú,Pública,WhatsApp,7,90.74074074074075,61.307500000000005,55.18571428571429,1
A00405,Horizonte,Privada,Feira escolar,11,84.88372093023256,60.52764705882353,62.3,0
A00406,Caucaia,Não informado,Não informado,8,88.23529411764706,64.18125,58.1625,0
A00407,Horizonte,Privada,Indicação,11,86.20689655172413,64.16866666666667,55.92727272727273,0
A00408,Fortaleza,Privada,Instagram,19,84.61538461538461,68.47279999999999,64.78947368421052,1
A00409,Maracanaú,Pública,Instagram,10,89.47368421052632,67.75857142857143,57.57000000000001,0
A00410,Maracanaú,Federal,Google,21,73.93939393939394,66.33377358490566,64.47619047619048,0
A00411,Horizonte,Pública,Instagram,8,79.66101694915254,62.478571428571435,56.225,0
A00412,Horizonte,Privada,Feira escolar,7,77.27272727272727,54.71111111111111,55.471428571428575,0
A00413,Crato,Federal,Não informado,9,84.93150684931507,60.48678571428571,51.41111111111111,1
A00414,Fortaleza,Não informado,Instagram,19,83.11688311688312,59.56146341463415,57.15263157894737,1
A00415,Aquiraz,Federal,Google,8,80.0,65.51473684210526,55.85,0
A00416,Aquiraz,Não informado,Instagram,11,89.87341772151899,60.41095238095239,60.190909090909095,1
A00417,Itapipoca,Privada,Indicação,10,83.33333333333334,66.39047619047619,58.67999999999999,1
A00418,Caucaia,Pública,Instagram,11,89.47368421052632,67.12055555555555,61.1,0
A00419,Aquiraz,Federal,Instagram,18,81.34328358208955,57.35527777777778,63.022222222222226,0
A00420,Crato,Federal,Feira escolar,9,87.93103448275862,65.34125,55.611111111111114,0
A00421,Maracanaú,Não informado,Instagram,19,81.57894736842105,58.03032258064516,57.784210526315796,1
A00422,Fortaleza,Privada,Feira escolar,8,88.70967741935483,62.40538461538461,54.0,1
A00423,Pacatuba,Federal,Feira escolar,18,79.33333333333333,61.25864864864865,59.12777777777777,1
A00424,Maracanaú,Pública,Indicação,11,80.20833333333334,66.19444444444444,56.71818181818182,1
A00425,Pacatuba,Privada,WhatsApp,10,84.21052631578947,60.346363636363634,60.45,0
A00426,Maracanaú,Pública,Instagram,8,87.5,68.78611111111111,55.675,0
A00427,Itapipoca,Pública,Instagram,8,85.71428571428571,55.25529411764706,59.9125,0
A00428,Maracanaú,Não informado,Indicação,10,89.8876404494382,68.91846153846153,57.910000000000004,0
A00429,Fortaleza,Não informado,Indicação,11,78.49462365591397,70.2,53.809090909090905,0
A00430,Maracanaú,Privada,WhatsApp,11,85.22727272727273,60.94533333333333,55.790909090909096,0
A00431,Maracanaú,Pública,Feira escolar,27,84.13461538461539,58.77386363636364,54.84814814814815,1
A00432,Fortaleza,Pública,Google,10,85.18518518518519,59.53176470588236,56.730000000000004,0
A00433,Caucaia,Privada,Google,21,85.62874251497006,62.16615384615385,55.75714285714286,1
A00434,Eusébio,Pública,Google,11,78.94736842105263,64.79823529411765,57.3,0
A00435,Pacatuba,Não informado,WhatsApp,20,82.91139240506328,59.392857142857146,57.585,0
A00436,Itapipoca,Federal,Instagram,9,83.5820895522388,62.46473684210526,56.82222222222222,0
A00437,Horizonte,Pública,Google,10,81.57894736842105,60.07823529411765,59.529999999999994,0
A00438,Juazeiro do Norte,Não informado,Instagram,10,84.14634146341463,60.22260869565218,58.02,0
A00439,Caucaia,Não informado,WhatsApp,18,83.66013071895425,62.28645161290323,50.766666666666666,1
A00440,Caucaia,Não informado,Feira escolar,18,83.1081081081081,61.949189189189184,64.15555555555555,0
A00441,Caucaia,Privada,Instagram,11,87.61904761904762,66.28363636363636,53.13636363636363,0
A00442,Fortaleza,Privada,Indicação,21,79.04191616766467,62.88285714285715,58.49047619047619,0
A00443,Sobral,Privada,Indicação,18,82.6086956521739,62.10733333333333,61.23888888888889,1
A00444,Maracanaú,Pública,Feira escolar,10,77.33333333333333,68.775,55.32000000000001,1
A00445,Caucaia,Pública,Google,9,80.0,64.24407407407408,56.044444444444444,1
A00446,Aquiraz,Pública,Indicação,10,87.17948717948718,62.53333333333333,61.239999999999995,0
A00447,Fortaleza,Privada,Feira escolar,8,82.08955223880598,65.82235294117648,57.5,0
A00448,Horizonte,Pública,WhatsApp,8,85.07462686567165,59.032941176470594,45.15,0
A00449,Aquiraz,Pública,WhatsApp,11,85.88235294117646,60.2275,55.57272727272727,1
A00450,Aquiraz,Privada,Não informado,9,82.92682926829268,54.155789473684216,53.711111111111116,1
A00451,Pacatuba,Pública,Indicação,11,80.72289156626506,60.301538461538456,66.61818181818181,1
A00452,Aquiraz,Pública,Instagram,11,82.92682926829268,68.24444444444444,54.8,0
A00453,Itapipoca,Privada,Indicação,18,84.61538461538461,64.41307692307693,54.81111111111111,0
A00454,Fortaleza,Privada,WhatsApp,8,85.48387096774194,59.33761904761904,64.3375,0
A00455,Juazeiro do Norte,Federal,Feira escolar,10,75.30864197530865,67.92071428571428,52.6,0
A00456,Juazeiro do Norte,Privada,Instagram,10,83.54430379746836,66.58083333333333,54.73,1
A00457,Itapipoca,Não informado,Instagram,10,89.02439024390245,63.43142857142857,64.49,0
A00458,Crato,Privada,Não informado,9,83.13253012048193,62.56814814814815,61.0,0
A00459,Crato,Pública,WhatsApp,17,82.97872340425532,62.006875,60.135294117647064,1
A00460,Eusébio,Federal,Instagram,7,82.35294117647058,55.04666666666667,52.05714285714286,0
A00461,Crato,Não informado,Google,11,87.09677419354838,52.376315789473686,52.99090909090909,0
A00462,Crato,Não informado,Google,8,83.07692307692308,68.69294117647058,55.3375,0
A00463,Fortaleza,Não informado,Google,7,72.1311475409836,60.684999999999995,50.25714285714286,0
A00464,Maracanaú,Privada,Instagram,8,87.09677419354838,58.89263157894737,61.25,0
A00465,Fortaleza,Federal,Indicação,16,83.60655737704919,57.924827586206895,55.36875,1
A00466,Sobral,Privada,Google,8,77.04918032786885,51.715384615384615,60.9625,0
A00467,Maracanaú,Não informado,Instagram,9,86.95652173913044,58.68894736842105,52.46666666666667,1
A00468,Juazeiro do Norte,Pública,Instagram,10,92.5925925925926,63.262857142857136,54.720000000000006,0
A00469,Pacatuba,Não informado,Indicação,10,94.8051948051948,62.65599999999999,55.98,1
A00470,Sobral,Privada,Indicação,29,85.48387096774194,65.43537037037038,57.94137931034483,1
A00471,Aquiraz,Privada,WhatsApp,19,87.5,63.0074,56.46842105263157,0
A00472,Fortaleza,Federal,Instagram,18,88.73239436619718,59.991176470588236,61.766666666666666,0
A00473,Crato,Não informado,Feira escolar,8,85.91549295774648,62.056666666666665,64.575,1
A00474,Aquiraz,Pública,Instagram,10,81.0126582278481,62.79,59.67,0
A00475,Caucaia,Privada,Indicação,11,82.4742268041237,62.18678571428571,55.31818181818182,0
A00476,Crato,Não informado,Instagram,7,87.2340425531915,60.8795652173913,56.614285714285714,1
A00477,Juazeiro do Norte,Não informado,Não informado,10,90.0,69.433,61.06,1
A00478,Pacatuba,Não informado,Google,9,83.78378378378379,63.10952380952381,54.95555555555555,0
A00479,Sobral,Não informado,Instagram,9,97.14285714285714,58.956875,56.52222222222222,0
A00480,Fortaleza,Federal,Instagram,11,78.04878048780488,63.705,54.8,1
A00481,Pacatuba,Federal,Feira escolar,18,84.28571428571429,63.18,56.766666666666666,1
A00482,Itapipoca,Pública,Feira escolar,11,82.97872340425532,63.5375,61.50909090909091,0
A00483,Caucaia,Pública,Google,9,80.3030303030303,62.472941176470584,61.24444444444444,0
A00484,Fortaleza,Privada,Não informado,10,87.20930232558139,64.00529411764705,57.56,0
A00485,Pacatuba,Privada,Google,10,80.0,56.29533333333334,53.68000000000001,1
A00486,Caucaia,Privada,Google,9,88.1578947368421,57.00217391304348,55.3,0
A00487,Fortaleza,Pública,Instagram,9,86.15384615384616,63.16161290322581,55.711111111111116,1
A00488,Crato,Federal,Google,8,80.59701492537313,67.2775,58.4875,1
A00489,Pacatuba,Pública,Google,6,83.33333333333334,67.87,48.5,1
A00490,Crato,Pública,Google,19,86.01398601398601,63.598333333333336,54.215789473684204,0
A00491,Sobral,Federal,Indicação,8,76.47058823529412,52.777857142857144,65.6625,1
A00492,Fortaleza,Privada,Feira escolar,20,86.89655172413792,59.858484848484856,55.14,1
A00493,Maracanaú,Pública,Instagram,8,75.75757575757575,61.35,56.4,0
A00494,Fortaleza,Privada,WhatsApp,9,89.85507246376811,64.09476190476191,55.111111111111114,0
A00495,Crato,Privada,Não informado,7,86.27450980392157,60.284666666666666,57.885714285714286,0
A00496,Itapipoca,Não informado,Instagram,8,87.87878787878788,56.368095238095236,61.6625,0
A00497,Fortaleza,Pública,Indicação,8,78.18181818181819,70.10846153846154,57.225,1
A00498,Fortaleza,Pública,WhatsApp,9,82.6086956521739,64.3445,57.900000000000006,0
A00499,Caucaia,Privada,Instagram,10,87.34177215189874,61.39047619047619,55.870000000000005,1
A00500,Fortaleza,Não informado,Não informado,8,90.38461538461539,56.86526315789474,57.9,1
A00501,Juazeiro do Norte,Privada,Instagram,6,83.01886792452831,61.476,60.300000000000004,0
A00502,Fortaleza,Federal,Feira escolar,11,78.49462365591397,53.297333333333334,60.07272727272727,0
A00503,Sobral,Não informado,Feira escolar,7,79.62962962962963,65.95625,64.68571428571428,0
A00504,Aquiraz,Não informado,Indicação,11,75.0,59.29,63.41818181818182,1
A00505,Aquiraz,Pública,Não informado,9,80.59701492537313,63.8865,50.12222222222222,0
A00506,Maracanaú,Privada,Google,10,81.69014084507043,59.87,60.31,1
A00507,Fortaleza,Privada,Feira escolar,20,84.7953216374269,59.3714,60.114999999999995,1
A00508,Caucaia,Privada,Feira escolar,9,84.4155844155844,58.763333333333335,59.099999999999994,0
A00509,Maracanaú,Pública,Instagram,19,92.10526315789474,58.38175,57.58947368421053,1
A00510,Caucaia,Privada,Instagram,8,89.23076923076924,63.42000000000001,60.6125,0
A00511,Itapipoca,Pública,Google,21,83.4319526627219,61.37481481481482,58.233333333333334,0
A00512,Fortaleza,Privada,Instagram,9,76.31578947368422,65.49684210526316,59.67777777777778,1
A00513,Caucaia,Privada,Indicação,10,87.5,61.696000000000005,55.57000000000001,0
A00514,Fortaleza,Pública,Instagram,17,90.27777777777779,68.90074074074074,59.16470588235294,0
A00515,Aquiraz,Pública,Instagram,9,82.08955223880598,62.91705882352941,70.15555555555555,0
A00516,Maracanaú,Privada,Indicação,10,85.39325842696628,59.13478260869565,61.379999999999995,0
A00517,Fortaleza,Pública,Google,8,78.84615384615384,65.78,62.6375,0
A00518,Horizonte,Não informado,Instagram,29,81.61434977578476,59.576734693877555,58.148275862068964,1
A00519,Maracanaú,Não informado,Indicação,9,84.05797101449275,57.01266666666666,53.87777777777777,1
A00520,Fortaleza,Pública,Feira escolar,18,77.62237762237763,64.82036363636364,53.0,1
A00521,Maracanaú,Pública,WhatsApp,9,81.94444444444444,62.86086956521739,48.233333333333334,0
A00522,Sobral,Privada,Não informado,18,82.26950354609929,61.87880952380952,53.0,1
A00523,Sobral,Privada,Não informado,11,75.5813953488372,55.671578947368424,62.68181818181818,0
A00524,Caucaia,Privada,Google,7,74.13793103448276,65.83592592592593,58.357142857142854,1
A00525,Aquiraz,Federal,Google,21,81.70731707317073,62.570625,54.07142857142857,1
A00526,Maracanaú,Não informado,Não informado,11,85.0574712643678,53.937407407407406,56.46363636363637,0
A00527,Eusébio,Privada,Não informado,11,86.36363636363636,57.75375,58.59090909090909,0
A00528,Fortaleza,Privada,Google,10,82.35294117647058,65.30083333333333,60.54,1
A00529,Fortaleza,Não informado,Google,10,85.33333333333334,60.636923076923075,64.2,0
A00530,Maracanaú,Privada,Google,11,84.61538461538461,63.444074074074074,57.45454545454545,1
A00531,Crato,Pública,Instagram,31,89.25619834710744,61.09606060606061,59.78709677419355,1
A00532,Juazeiro do Norte,Pública,Indicação,11,83.15789473684211,67.703,61.309090909090905,0
A00533,Sobral,Privada,WhatsApp,11,81.72043010752688,61.76095238095238,66.68181818181819,0
A00534,Itapipoca,Pública,Instagram,9,80.88235294117648,65.41103448275862,54.97777777777778,1
A00535,Pacatuba,Privada,Instagram,8,79.71014492753623,61.02052631578948,56.8625,0
A00536,Fortaleza,Não informado,WhatsApp,7,88.67924528301887,63.307307692307695,50.82857142857143,1
A00537,Caucaia,Privada,Feira escolar,9,84.21052631578947,56.2552,60.32222222222222,0
A00538,Maracanaú,Privada,Instagram,10,84.81012658227847,59.29304347826087,56.67999999999999,0
A00539,Aquiraz,Não informado,Não informado,9,82.1917808219178,71.08666666666666,54.42222222222222,1
A00540,Maracanaú,Federal,Feira escolar,11,84.81012658227847,68.63294117647058,52.3,0
A00541,Crato,Federal,Instagram,8,85.29411764705883,65.974,50.7875,1
A00542,Sobral,Não informado,Indicação,11,83.75,64.43285714285715,59.46363636363637,0
A00543,Pacatuba,Federal,Instagram,8,86.4406779661017,67.888125,58.825,0
A00544,Horizonte,Não informado,Não informado,21,85.95505617977528,62.749545454545455,54.099999999999994,0
A00545,Maracanaú,Federal,Google,7,84.21052631578947,59.558,53.357142857142854,0
A00546,Fortaleza,Pública,Indicação,10,79.26829268292683,64.66,56.86,0
A00547,Horizonte,Federal,Google,10,78.94736842105263,61.19777777777777,65.41,1
A00548,Aquiraz,Privada,WhatsApp,10,79.22077922077922,64.45857142857143,61.05,0
A00549,Crato,Não informado,Não informado,8,78.68852459016394,58.8125,62.1625,0
A00550,Aquiraz,Não informado,Feira escolar,9,80.3030303030303,59.066296296296294,64.56666666666666,0
A00551,Fortaleza,Não informado,Não informado,10,83.54430379746836,60.38291666666667,59.42,1
A00552,Crato,Privada,Google,9,86.07594936708861,61.086875,58.333333333333336,0
A00553,Juazeiro do Norte,Privada,Não informado,28,82.17821782178217,63.91151515151515,60.17142857142857,1
A00554,Juazeiro do Norte,Pública,Google,10,83.78378378378379,67.54521739130435,60.56,0
A00555,Fortaleza,Pública,Indicação,10,77.92207792207793,51.526315789473685,56.73,0
A00556,Juazeiro do Norte,Pública,Instagram,9,84.52380952380952,59.135600000000004,58.53333333333333,1
A00557,Fortaleza,Não informado,Instagram,10,83.78378378378379,66.06529411764706,58.17999999999999,0
A00558,Maracanaú,Privada,Google,9,91.66666666666666,59.472941176470584,54.13333333333333,1
A00559,Fortaleza,Pública,Instagram,17,86.4,57.88565217391304,56.794117647058826,0
A00560,Fortaleza,Pública,Não informado,11,86.86868686868688,59.01814814814815,58.24545454545455,0
A00561,Caucaia,Privada,Instagram,11,78.4090909090909,61.8375,59.50909090909091,0
A00562,Eusébio,Privada,Instagram,11,86.51685393258427,62.70076923076923,56.48181818181818,0
A00563,Maracanaú,Não informado,Google,10,82.55813953488372,61.29714285714285,52.870000000000005,0
A00564,Fortaleza,Privada,Instagram,10,87.95180722891565,67.72333333333333,59.080000000000005,0
A00565,Aquiraz,Privada,Instagram,9,81.69014084507043,67.48619047619047,53.48888888888889,0
A00566,Sobral,Federal,Não informado,9,85.8974358974359,63.47235294117647,51.544444444444444,0
A00567,Crato,Pública,Google,8,87.27272727272727,58.80947368421053,54.55,1
A00568,Maracanaú,Pública,Indicação,11,80.64516129032258,63.26866666666667,56.95454545454545,0
A00569,Eusébio,Não informado,Instagram,8,83.87096774193549,57.23291666666666,61.3375,0
A00570,Sobral,Federal,Instagram,8,87.14285714285714,68.98222222222222,52.75,0
A00571,Aquiraz,Privada,Indicação,28,85.13513513513513,63.12927272727273,62.596428571428575,0
A00572,Sobral,Pública,Não informado,8,90.56603773584906,61.534285714285716,53.3375,0
A00573,Juazeiro do Norte,Não informado,Indicação,9,90.47619047619048,62.1778947368421,66.88888888888889,0
A00574,Juazeiro do Norte,Privada,Instagram,8,89.28571428571429,60.157777777777774,54.099999999999994,0
A00575,Fortaleza,Privada,WhatsApp,19,78.82352941176471,64.22757575757575,58.65263157894737,1
A00576,Eusébio,Federal,Indicação,8,70.3125,66.50111111111111,57.3625,0
A00577,Itapipoca,Privada,Indicação,9,85.29411764705883,61.693999999999996,57.300000000000004,1
A00578,Sobral,Federal,Feira escolar,10,80.24691358024691,64.07384615384616,57.629999999999995,0
A00579,Maracanaú,Não informado,Feira escolar,10,88.46153846153845,66.07875,59.0,0
A00580,Aquiraz,Não informado,Indicação,7,81.03448275862068,66.53357142857143,58.385714285714286,1
A00581,Crato,Federal,Não informado,10,84.52380952380952,60.271111111111104,64.03,1
A00582,Fortaleza,Não informado,Instagram,11,87.77777777777777,63.71826086956521,55.32727272727273,1
A00583,Horizonte,Não informado,Não informado,11,76.19047619047619,68.27916666666667,59.25454545454545,0
A00584,Itapipoca,Federal,Instagram,10,86.90476190476191,62.66411764705882,65.16,0
A00585,Horizonte,Pública,Instagram,10,84.88372093023256,61.64933333333333,55.870000000000005,0
A00586,Pacatuba,Não informado,Instagram,10,88.23529411764706,62.86333333333333,55.67,0
A00587,Fortaleza,Não informado,WhatsApp,10,86.07594936708861,58.74375,55.739999999999995,0
A00588,Horizonte,Pública,Instagram,19,82.53012048192771,57.57735294117647,61.06315789473685,1
A00589,Juazeiro do Norte,Pública,Google,11,86.73469387755102,61.71333333333334,61.127272727272725,1
A00590,Juazeiro do Norte,Privada,Instagram,10,87.67123287671232,61.82647058823529,54.260000000000005,0
A00591,Maracanaú,Pública,Feira escolar,8,78.33333333333333,59.48791666666667,64.7125,0
A00592,Fortaleza,Pública,WhatsApp,11,87.36842105263159,59.62857142857143,59.3,1
A00593,Juazeiro do Norte,Pública,Google,21,84.66257668711657,61.64382352941176,56.63333333333333,1
A00594,Eusébio,Privada,Não informado,9,91.42857142857143,60.33727272727273,58.900000000000006,0
A00595,Juazeiro do Norte,Federal,Indicação,16,86.82170542635659,59.3314,57.825,1
A00596,Horizonte,Privada,Instagram,8,84.48275862068965,62.7275,53.9,1
A00597,Fortaleza,Não informado,Feira escolar,10,84.05797101449275,61.530833333333334,60.11,0
A00598,Maracanaú,Não informado,Não informado,10,79.45205479452055,57.333333333333336,56.75,1
A00599,Horizonte,Pública,Não informado,10,82.10526315789474,62.54642857142857,62.96,1
A00600,Fortaleza,Não informado,WhatsApp,10,84.70588235294117,61.62652173913044,60.779999999999994,1
A00601,Sobral,Pública,Não informado,19,85.43046357615894,62.071470588235286,57.31578947368421,0
A00602,Fortaleza,Não informado,Instagram,11,87.5,68.03333333333333,55.372727272727275,0
A00603,Fortaleza,Privada,Google,11,90.2439024390244,50.17363636363636,61.07272727272727,0
A00604,Sobral,Não informado,Feira escolar,8,86.4406779661017,68.06545454545454,55.7375,0
A00605,Eusébio,Não informado,WhatsApp,11,79.51807228915662,56.70227272727273,53.39090909090908,0
A00606,Horizonte,Privada,Feira escolar,9,84.81012658227847,70.18047619047618,57.05555555555556,0
A00607,Fortaleza,Federal,Google,6,90.0,64.29695652173913,53.01666666666667,0
A00608,Aquiraz,Não informado,Feira escolar,10,74.39024390243902,61.76705882352941,60.94,1
A00609,Fortaleza,Privada,Indicação,8,85.9375,56.0,58.6125,1
A00610,Maracanaú,Federal,Google,10,87.5,65.75666666666666,58.92,0
A00611,Aquiraz,Não informado,Instagram,8,86.27450980392157,52.542857142857144,57.0375,1
A00612,Sobral,Privada,Não informado,8,85.0,58.48266666666667,54.0375,1
A00613,Juazeiro do Norte,Federal,Instagram,8,79.6875,61.38636363636363,62.037499999999994,0
A00614,Fortaleza,Pública,Instagram,8,80.59701492537313,68.89631578947369,61.725,1
A00615,Pacatuba,Não informado,Google,24,81.52173913043478,59.10377358490566,60.87083333333334,1
A00616,Maracanaú,Pública,Google,6,80.7017543859649,62.9908,55.71666666666667,1
A00617,Caucaia,Privada,Instagram,8,82.6923076923077,61.89631578947368,59.9,0
A00618,Maracanaú,Pública,Google,11,80.43478260869566,64.54166666666667,50.68181818181818,0
A00619,Maracanaú,Pública,Instagram,9,87.5,65.90444444444444,56.53333333333333,0
A00620,Pacatuba,Privada,Google,7,90.0,55.50363636363636,55.699999999999996,1
A00621,Fortaleza,Não informado,Indicação,8,85.5072463768116,63.735,62.2375,0
A00622,Maracanaú,Não informado,WhatsApp,7,77.35849056603774,67.956875,66.41428571428571,0
A00623,Maracanaú,Não informado,Não informado,9,84.50704225352112,60.6145,60.699999999999996,1
A00624,Aquiraz,Não informado,Google,29,80.0,60.21812499999999,58.5,1
A00625,Sobral,Pública,Indicação,24,86.91099476439791,64.80618421052633,57.88333333333333,1
A00626,Maracanaú,Federal,Não informado,9,83.33333333333334,67.76866666666666,51.17777777777778,0
A00627,Eusébio,Pública,Instagram,29,79.82832618025752,63.93625,59.279310344827586,0
A00628,Fortaleza,Federal,Google,20,83.73493975903614,61.18729729729729,60.02,1
A00629,Fortaleza,Não informado,Indicação,11,81.1881188118812,62.802,59.42727272727273,0
A00630,Fortaleza,Não informado,WhatsApp,19,80.82191780821918,68.115625,57.8421052631579,1
A00631,Pacatuba,Federal,Instagram,8,83.60655737704919,62.90478260869565,58.1625,0
A00632,Itapipoca,Privada,Instagram,9,84.28571428571429,62.06238095238095,59.611111111111114,0
A00633,Crato,Não informado,Não informado,11,87.5,62.298235294117646,64.00909090909092,1
A00634,Fortaleza,Pública,Não informado,8,81.57894736842105,54.1505,64.075,0
A00635,Sobral,Não informado,Não informado,10,82.35294117647058,57.57875,61.31,0
A00636,Crato,Pública,Google,18,80.41958041958041,63.898039215686275,54.36666666666667,1
A00637,Eusébio,Não informado,WhatsApp,10,84.81012658227847,64.2328,63.75,0
A00638,Maracanaú,Privada,Não informado,8,82.25806451612904,64.784375,60.45,1
A00639,Itapipoca,Federal,Instagram,11,84.26966292134831,59.5785,54.28181818181818,0
A00640,Maracanaú,Pública,Instagram,9,73.84615384615385,61.55916666666667,56.52222222222222,0
A00641,Horizonte,Privada,Indicação,18,85.29411764705883,64.78500000000001,58.30555555555556,1
A00642,Aquiraz,Não informado,WhatsApp,22,87.20930232558139,60.19658536585366,55.01818181818182,0
A00643,Fortaleza,Não informado,Não informado,9,86.07594936708861,62.59947368421052,44.03333333333333,1
A00644,Sobral,Não informado,WhatsApp,9,84.4155844155844,56.073125000000005,61.32222222222222,1
A00645,Sobral,Pública,Instagram,10,86.3013698630137,61.396666666666675,58.010000000000005,1
A00646,Eusébio,Não informado,Google,16,87.39495798319328,59.17727272727272,59.90625,1
A00647,Itapipoca,Não informado,Instagram,17,82.05128205128204,63.2768,58.98823529411764,0
A00648,Maracanaú,Pública,WhatsApp,8,85.07462686567165,59.49,68.6875,0
A00649,Fortaleza,Não informado,Google,19,84.56375838926175,57.57290322580645,57.81578947368421,1
A00650,Juazeiro do Norte,Não informado,Instagram,20,81.65680473372781,66.79372093023257,58.614999999999995,1
A00651,Aquiraz,Federal,Instagram,10,74.46808510638297,61.30392857142857,47.739999999999995,0
A00652,Maracanaú,Federal,Instagram,9,92.6829268292683,60.94444444444444,60.17777777777778,0
A00653,Fortaleza,Federal,Não informado,10,82.89473684210526,66.10333333333334,64.87,0
A00654,Eusébio,Federal,Feira escolar,18,89.47368421052632,62.683181818181815,61.888888888888886,1
A00655,Maracanaú,Privada,Indicação,9,85.91549295774648,64.51,49.91111111111111,0
A00656,Fortaleza,Pública,Instagram,8,81.03448275862068,58.63875,55.175,0
A00657,Caucaia,Privada,Feira escolar,8,80.59701492537313,58.70666666666667,58.912499999999994,0
A00658,Fortaleza,Pública,Instagram,9,86.66666666666667,73.73125,56.455555555555556,0
A00659,Pacatuba,Federal,Google,21,84.7560975609756,64.07794871794871,60.219047619047615,0
A00660,Pacatuba,Não informado,Feira escolar,20,76.15894039735099,58.801153846153845,62.23,1
A00661,Crato,Pública,Não informado,8,84.72222222222221,66.5025,49.6,0
A00662,Caucaia,Pública,Não informado,9,77.01149425287356,56.150000000000006,52.77777777777778,0
A00663,Fortaleza,Não informado,Feira escolar,11,87.35632183908046,57.38736842105263,59.972727272727276,1
A00664,Fortaleza,Não informado,Não informado,10,84.61538461538461,58.864444444444445,59.55,1
A00665,Fortaleza,Federal,Não informado,11,83.33333333333334,61.11333333333334,53.33636363636364,0
A00666,Juazeiro do Norte,Privada,Indicação,29,86.58008658008657,60.05,58.286206896551725,1
A00667,Maracanaú,Privada,Não informado,11,89.65517241379311,64.33571428571429,54.68181818181818,1
A00668,Aquiraz,Privada,Instagram,8,93.75,59.22071428571429,53.3,0
A00669,Sobral,Federal,Instagram,10,90.27777777777779,64.01266666666666,61.75,0
A00670,Maracanaú,Pública,Indicação,18,79.41176470588235,63.33222222222222,55.94444444444444,1
A00671,Eusébio,Privada,WhatsApp,18,78.83211678832117,62.16055555555556,58.58888888888888,0
A00672,Crato,Privada,Google,11,81.81818181818183,61.14703703703704,55.99090909090909,1
A00673,Maracanaú,Não informado,WhatsApp,7,76.5625,61.53764705882354,61.714285714285715,0
A00674,Fortaleza,Não informado,Não informado,7,73.21428571428571,63.059000000000005,60.98571428571428,0
A00675,Juazeiro do Norte,Pública,Feira escolar,19,78.80794701986756,63.50243902439024,60.1578947368421,1
A00676,Pacatuba,Não informado,WhatsApp,11,84.5360824742268,66.9525,63.17272727272727,0
A00677,Maracanaú,Federal,Instagram,19,85.79881656804734,61.28304347826087,51.94210526315789,0
A00678,Caucaia,Não informado,Feira escolar,7,82.6923076923077,60.445454545454545,52.628571428571426,0
A00679,Fortaleza,Pública,Não informado,7,78.26086956521739,60.346111111111114,58.48571428571428,0
A00680,Fortaleza,Pública,Não informado,18,83.82352941176471,69.71444444444444,61.36666666666666,0
A00681,Maracanaú,Pública,Instagram,9,79.48717948717949,66.96249999999999,50.266666666666666,0
A00682,Crato,Não informado,Instagram,9,81.08108108108108,63.33125,53.58888888888889,0
A00683,Itapipoca,Não informado,Feira escolar,10,87.83783783783784,63.30833333333334,66.32000000000001,0
A00684,Fortaleza,Pública,Não informado,10,77.63157894736842,61.025263157894734,64.17,1
A00685,Fortaleza,Federal,Instagram,9,85.5072463768116,67.04,59.5,0
A00686,Eusébio,Pública,Instagram,10,82.89473684210526,56.746874999999996,66.53,0
A00687,Fortaleza,Privada,Google,11,82.29166666666666,58.25869565217391,62.9,0
A00688,Eusébio,Não informado,Instagram,10,79.51807228915662,66.2815,58.120000000000005,0
A00689,Maracanaú,Não informado,Feira escolar,22,82.3170731707317,61.730638297872346,59.64090909090908,1
A00690,Maracanaú,Não informado,Feira escolar,20,81.69934640522875,57.9984375,59.175,1
A00691,Itapipoca,Privada,Instagram,8,88.52459016393442,60.46,60.8125,0
A00692,Fortaleza,Privada,Google,11,84.14634146341463,59.00178571428571,59.290909090909096,0
A00693,Fortaleza,Não informado,Indicação,11,80.24691358024691,64.77666666666667,50.98181818181819,0
A00694,Horizonte,Privada,Feira escolar,9,84.33734939759037,61.3775,58.333333333333336,0
A00695,Aquiraz,Privada,Instagram,7,92.45283018867924,61.92090909090909,56.65714285714285,0
A00696,Itapipoca,Pública,Não informado,9,86.15384615384616,57.92375,61.32222222222222,0
A00697,Caucaia,Federal,Google,10,81.69014084507043,68.17812500000001,57.510000000000005,0
A00698,Pacatuba,Pública,Indicação,8,80.0,61.27481481481481,55.9,0
A00699,Maracanaú,Não informado,Instagram,7,83.33333333333334,63.08181818181818,51.57142857142857,1
A00700,Sobral,Privada,Não informado,15,77.8688524590164,59.73666666666667,59.72,1
A00701,Pacatuba,Não informado,WhatsApp,11,87.0,66.69052631578948,62.59090909090909,0
A00702,Juazeiro do Norte,Federal,Não informado,22,85.97560975609755,61.2785294117647,54.2,0
A00703,Caucaia,Não informado,Instagram,18,82.22222222222221,62.705862068965516,60.483333333333334,0
A00704,Itapipoca,Federal,Instagram,11,78.94736842105263,56.654999999999994,57.2,1
A00705,Horizonte,Não informado,Indicação,30,82.71604938271605,63.210566037735845,57.35333333333333,1
A00706,Itapipoca,Não informado,Indicação,19,82.70676691729322,63.845333333333336,56.43684210526315,1
A00707,Juazeiro do Norte,Não informado,Não informado,7,71.73913043478261,57.44347826086957,49.31428571428571,0
A00708,Fortaleza,Federal,Indicação,10,84.26966292134831,56.11727272727273,59.489999999999995,1
A00709,Maracanaú,Pública,Não informado,11,85.22727272727273,58.141333333333336,61.027272727272724,0
A00710,Maracanaú,Pública,Google,9,80.88235294117648,58.509166666666665,47.900000000000006,0
A00711,Pacatuba,Pública,WhatsApp,9,79.16666666666666,67.3185,60.24444444444445,0
A00712,Horizonte,Pública,Google,10,72.6027397260274,65.96263157894737,57.54,0
A00713,Fortaleza,Privada,Instagram,8,89.39393939393939,60.961333333333336,67.2375,0
A00714,Juazeiro do Norte,Pública,Google,10,80.45977011494253,60.46304347826087,57.879999999999995,1
A00715,Maracanaú,Pública,WhatsApp,7,84.0,61.4252380952381,62.371428571428574,0
A00716,Caucaia,Não informado,Instagram,21,83.54430379746836,58.95055555555555,59.81428571428571,1
A00717,Fortaleza,Não informado,Google,7,76.74418604651163,61.19521739130435,54.81428571428571,0
A00718,Horizonte,Privada,Instagram,10,83.13253012048193,63.38571428571428,58.82000000000001,1
A00719,Eusébio,Privada,WhatsApp,10,83.72093023255815,57.36882352941176,63.129999999999995,0
A00720,Crato,Não informado,WhatsApp,9,86.48648648648648,61.196666666666665,61.08888888888888,0
A00721,Maracanaú,Não informado,Instagram,19,87.41721854304636,59.667692307692306,60.58947368421053,1
A00722,Sobral,Não informado,Instagram,9,81.25,71.38416666666667,69.19999999999999,0
A00723,Aquiraz,Pública,WhatsApp,19,80.66666666666666,61.5009375,57.88421052631579,1
A00724,Itapipoca,Pública,Indicação,9,88.40579710144928,56.86,57.5,1
A00725,Sobral,Não informado,Indicação,19,87.66233766233766,63.26578947368421,56.8421052631579,1
A00726,Maracanaú,Não informado,Não informado,8,82.53968253968253,63.234736842105264,60.825,0
A00727,Juazeiro do Norte,Não informado,Instagram,8,90.9090909090909,68.325,67.3875,0
A00728,Fortaleza,Não informado,Google,10,84.81012658227847,57.49086956521739,57.379999999999995,1
A00729,Maracanaú,Não informado,Indicação,17,78.78787878787878,61.57452380952381,59.28235294117647,1
A00730,Sobral,Privada,Não informado,10,84.14634146341463,66.489375,61.32000000000001,0
A00731,Aquiraz,Privada,Feira escolar,11,79.76190476190477,64.23357142857142,54.290909090909096,0
A00732,Horizonte,Pública,WhatsApp,19,84.51612903225806,65.449,53.95263157894736,0
A00733,Fortaleza,Pública,Google,19,85.18518518518519,67.70589743589744,60.694736842105264,0
A00734,Sobral,Privada,WhatsApp,7,89.13043478260869,57.76285714285715,56.699999999999996,0
A00735,Eusébio,Privada,WhatsApp,9,80.26315789473685,67.4475,55.62222222222223,0
A00736,Crato,Não informado,Instagram,7,81.63265306122449,64.99,57.81428571428571,0
A00737,Fortaleza,Pública,Indicação,7,92.0,62.20095238095238,58.471428571428575,0
A00738,Horizonte,Não informado,Feira escolar,8,82.85714285714286,59.05705882352942,49.1625,0
A00739,Sobral,Pública,Instagram,11,87.17948717948718,62.46117647058823,62.40909090909091,1
A00740,Maracanaú,Privada,Feira escolar,22,80.87431693989072,62.496590909090905,56.53181818181818,1
A00741,Maracanaú,Privada,WhatsApp,11,85.0574712643678,59.326666666666675,60.554545454545455,0
A00742,Juazeiro do Norte,Não informado,Instagram,10,85.54216867469879,58.64625,55.07000000000001,0
A00743,Aquiraz,Privada,Google,18,87.02290076335878,58.86033333333333,52.81666666666667,1
A00744,Fortaleza,Privada,Não informado,16,82.05128205128204,63.71344827586207,61.15625,0
A00745,Itapipoca,Pública,Google,10,81.08108108108108,68.8,60.55,1
A00746,Fortaleza,Não informado,Google,8,82.14285714285714,56.255,64.925,0
A00747,Caucaia,Privada,Google,8,80.59701492537313,65.8,60.362500000000004,0
A00748,Sobral,Não informado,WhatsApp,20,81.60919540229885,60.9725,61.870000000000005,1
A00749,Caucaia,Privada,Feira escolar,9,87.5,64.17444444444443,64.35555555555555,0
A00750,Horizonte,Pública,Instagram,20,80.0,65.24288461538461,59.105,0
A00751,Fortaleza,Privada,Não informado,19,82.6923076923077,61.02323529411765,60.284210526315796,0
A00752,Fortaleza,Pública,Instagram,10,89.74358974358975,70.04695652173913,53.11,0
A00753,Aquiraz,Pública,Indicação,10,85.71428571428571,71.48736842105264,52.21,1
A00754,Maracanaú,Não informado,Instagram,8,76.36363636363637,61.3523076923077,52.2875,0
A00755,Crato,Não informado,Não informado,10,84.52380952380952,57.500454545454545,51.83,1
A00756,Horizonte,Federal,Não informado,11,79.7872340425532,55.762499999999996,62.4,0
A00757,Eusébio,Privada,Instagram,8,85.48387096774194,66.535,62.425,0
A00758,Itapipoca,Federal,WhatsApp,11,91.48936170212765,62.38,63.92727272727272,0
A00759,Horizonte,Não informado,Google,8,90.56603773584906,58.50666666666667,51.25,1
A00760,Crato,Federal,Google,19,85.41666666666666,66.42567567567568,56.305263157894736,0
A00761,Eusébio,Privada,Indicação,8,85.48387096774194,64.4825,60.7875,1
A00762,Fortaleza,Não informado,Instagram,8,81.9672131147541,62.129411764705885,55.4125,0
A00763,Maracanaú,Federal,Feira escolar,9,79.71014492753623,56.26222222222222,54.355555555555554,1
A00764,Aquiraz,Não informado,Google,8,82.45614035087719,67.1328,61.949999999999996,1
A00765,Crato,Privada,Feira escolar,10,85.8974358974359,62.06178571428571,61.69,0
A00766,Crato,Federal,WhatsApp,8,80.95238095238095,65.45136363636364,41.6125,0
A00767,Sobral,Privada,Instagram,9,78.46153846153847,64.61705882352942,60.57777777777778,0
A00768,Juazeiro do Norte,Privada,Instagram,11,85.22727272727273,56.28333333333333,58.35454545454545,1
A00769,Itapipoca,Privada,Instagram,8,88.23529411764706,59.6505,52.5875,0
A00770,Pacatuba,Pública,Indicação,6,75.51020408163265,64.91058823529411,63.833333333333336,0
A00771,Caucaia,Federal,Indicação,10,85.86956521739131,57.61555555555555,63.58,0
A00772,Itapipoca,Não informado,Instagram,11,81.31868131868131,64.42882352941176,60.154545454545456,1
A00773,Maracanaú,Não informado,Google,9,78.78787878787878,64.55538461538461,59.21111111111111,1
A00774,Fortaleza,Não informado,Não informado,11,80.26315789473685,56.83870967741935,47.88181818181818,0
A00775,Itapipoca,Pública,Feira escolar,9,82.1917808219178,67.69961538461538,57.35555555555556,0
A00776,Sobral,Privada,Indicação,8,84.48275862068965,64.93392857142858,60.4625,1
A00777,Maracanaú,Privada,Não informado,10,81.70731707317073,60.42117647058824,54.27,0
A00778,Caucaia,Privada,Google,7,92.5925925925926,67.43095238095238,50.214285714285715,0
A00779,Juazeiro do Norte,Federal,Indicação,9,83.07692307692308,56.1425,54.333333333333336,1
A00780,Fortaleza,Privada,Indicação,9,81.94444444444444,63.31736842105263,60.900000000000006,0
A00781,Aquiraz,Privada,WhatsApp,9,82.27848101265823,71.3325,55.78888888888889,0
A00782,Caucaia,Federal,Feira escolar,11,84.44444444444444,72.47461538461538,59.09090909090909,0
A00783,Eusébio,Privada,Não informado,10,84.05797101449275,60.52666666666667,64.97,0
A00784,Maracanaú,Pública,WhatsApp,7,84.61538461538461,57.920625,53.48571428571428,1
A00785,Crato,Pública,WhatsApp,8,91.66666666666666,64.0676,62.0125,0
A00786,Horizonte,Pública,Feira escolar,20,82.20858895705521,64.22458333333334,57.36,0
A00787,Itapipoca,Pública,Não informado,9,81.17647058823529,66.1864705882353,55.24444444444444,0
A00788,Crato,Privada,Instagram,10,89.28571428571429,59.92857142857143,54.39,0
A00789,Maracanaú,Pública,Instagram,9,84.14634146341463,62.864375,54.233333333333334,0
A00790,Pacatuba,Não informado,Google,16,80.76923076923077,64.92999999999999,54.68125,0
A00791,Pacatuba,Privada,Instagram,11,89.24731182795699,64.63714285714285,63.1,1
A00792,Crato,Pública,Instagram,9,82.43243243243244,60.76523809523809,54.611111111111114,0
A00793,Sobral,Pública,Feira escolar,11,79.7752808988764,61.23076923076923,52.17272727272727,1
A00794,Pacatuba,Não informado,WhatsApp,7,89.79591836734694,64.98083333333334,59.028571428571425,1
A00795,Eusébio,Federal,Não informado,7,80.76923076923077,58.16818181818181,62.44285714285714,0
A00796,Fortaleza,Federal,Não informado,11,83.87096774193549,57.54153846153846,66.71818181818182,0
A00797,Pacatuba,Pública,Instagram,20,84.7560975609756,65.2207142857143,56.275,0
A00798,Horizonte,Pública,Não informado,11,83.9080459770115,59.49161290322581,60.07272727272727,1
A00799,Eusébio,Privada,Indicação,9,81.57894736842105,65.2885,52.955555555555556,0
A00800,Aquiraz,Pública,WhatsApp,10,86.41975308641975,65.69133333333333,51.21,0
A00202_DUP,Fortaleza,Federal,WhatsApp,0,,,,0
A00679_DUP,Fortaleza,Pública,Não informado,0,,,,0
A00693_DUP,Fortaleza,Não informado,Indicação,0,,,,0
A00268_DUP,Horizonte,Privada,Indicação,0,,,,0
A00082_DUP,Crato,Pública,Não informado,0,,,,0
A00739_DUP,Sobral,Pública,Instagram,0,,,,0
A00217_DUP,Fortaleza,Não informado,Instagram,0,,,,0
A00788_DUP,Crato,Privada,Instagram,0,,,,0
A00712_DUP,Horizonte,Pública,Google,0,,,,0
A00097_DUP,Horizonte,Não informado,WhatsApp,0,,,,0
A00550_DUP,Aquiraz,Não informado,Feira escolar,0,,,,0
A00648_DUP,Maracanaú,Pública,WhatsApp,0,,,,0
