aluno_id,propensao,segmento,aprovado
A00001,0.46944000381632783,Alta propensão,1
A00002,0.28374862471203827,Baixa propensão,0
A00003,0.4391705401513177,Alta propensão,0
A00004,0.34931807702071727,Média propensão,0
A00005,0.3365657775730532,Média propensão,0
A00006,0.5208598551413476,Alta propensão,1
A00007,0.28089501438800923,Baixa propensão,0
A00008,0.4326797144605563,Alta propensão,1
A00009,0.36117923034687655,Média propensão,0
A00010,0.36804510356466247,Média propensão,0
A00011,0.4888163453088819,Alta propensão,0
A00012,0.5070811431456549,Alta propensão,0
A00013,0.2989604499767831,Baixa propensão,0
A00014,0.23416354728559913,Baixa propensão,0
A00015,0.1942493908584651,Baixa propensão,0
A00016,0.5115513754297518,Alta propensão,1
A00017,0.3199857025951727,Média propensão,1
A00018,0.2874582997283097,Baixa propensão,0
A00019,0.37607396649605535,Média propensão,1
A00020,0.32212173238398695,Média propensão,0
A00021,0.26740651317313163,Baixa propensão,1
A00022,0.6758815735157432,Alta propensão,1
A00023,0.539369198131554,Alta propensão,1
A00024,0.5203786060834062,Alta propensão,1
A00025,0.4223671673584513,Alta propensão,1
A00026,0.4795691878962493,Alta propensão,1
A00027,0.36243502594876037,Média propensão,1
A00028,0.31143348249887315,Média propensão,0
A00029,0.1948621890414818,Baixa propensão,1
A00030,0.3129294748217438,Média propensão,0
A00031,0.7808580606534167,Alta propensão,1
A00032,0.35796250434762056,Média propensão,0
A00033,0.4839671422983652,Alta propensão,0
A00034,0.24323390589483537,Baixa propensão,1
A00035,0.2493732668653611,Baixa propensão,1
A00036,0.3974689175282193,Alta propensão,0
A00037,0.6407761154200964,Alta propensão,1
A00038,0.5181251754662357,Alta propensão,0
A00039,0.2478185793526287,Baixa propensão,0
A00040,0.2247232906859776,Baixa propensão,0
A00041,0.25975710897119586,Baixa propensão,0
A00042,0.3836975225703398,Média propensão,0
A00043,0.3815138949087336,Média propensão,0
A00044,0.27874846671155457,Baixa propensão,0
A00045,0.652486370607086,Alta propensão,1
A00046,0.23249086782124226,Baixa propensão,1
A00047,0.3526245788399798,Média propensão,1
A00048,0.41573547722317805,Alta propensão,1
A00049,0.3627129072445382,Média propensão,1
A00050,0.39906710045026283,Alta propensão,0
A00051,0.6857361330915714,Alta propensão,1
A00052,0.25072205234835326,Baixa propensão,0
A00053,0.24814116527749164,Baixa propensão,0
A00054,0.3769154624072368,Média propensão,1
A00055,0.25148629531237077,Baixa propensão,0
A00056,0.3730969322298261,Média propensão,0
A00057,0.3502536154910655,Média propensão,0
A00058,0.3805783475724958,Média propensão,0
A00059,0.40215311924545116,Alta propensão,1
A00060,0.6420012105658427,Alta propensão,1
A00061,0.3024870596635059,Média propensão,0
A00062,0.6116902244731385,Alta propensão,1
A00063,0.5894734901207134,Alta propensão,1
A00064,0.482176723019935,Alta propensão,1
A00065,0.3435488623202709,Média propensão,0
A00066,0.3580702002804979,Média propensão,0
A00067,0.2679047449721324,Baixa propensão,0
A00068,0.6350875626460744,Alta propensão,1
A00069,0.5112108803917642,Alta propensão,1
A00070,0.31836462180765357,Média propensão,0
A00071,0.21822731599695136,Baixa propensão,0
A00072,0.2488554663118319,Baixa propensão,0
A00073,0.393281915000645,Alta propensão,0
A00074,0.29846551046760766,Baixa propensão,0
A00075,0.316505967063515,Média propensão,0
A00076,0.5533911973270573,Alta propensão,1
A00077,0.6453714508912265,Alta propensão,1
A00078,0.5907714968205438,Alta propensão,0
A00079,0.46408844996243187,Alta propensão,1
A00080,0.24010945965852937,Baixa propensão,1
A00081,0.33326893127600016,Média propensão,1
A00082,0.3531335766248372,Média propensão,1
A00083,0.4238788108088463,Alta propensão,1
A00084,0.23967070540223606,Baixa propensão,0
A00085,0.33932721895592827,Média propensão,1
A00086,0.38019861442057545,Média propensão,1
A00087,0.5102246591424934,Alta propensão,1
A00088,0.6049788625879842,Alta propensão,0
A00089,0.3132903894974497,Média propensão,0
A00090,0.26190922223607643,Baixa propensão,1
A00091,0.555242380422866,Alta propensão,0
A00092,0.3026550418906627,Média propensão,0
A00093,0.31600094201750917,Média propensão,0
A00094,0.3305538598557408,Média propensão,0
A00095,0.6025015971904583,Alta propensão,0
A00096,0.2378922766696539,Baixa propensão,1
A00097,0.276578529190905,Baixa propensão,0
A00098,0.24640823833678688,Baixa propensão,0
A00099,0.26436185744244795,Baixa propensão,1
A00100,0.2882926858031284,Baixa propensão,0
A00101,0.3114803422211551,Média propensão,1
A00102,0.7571069941622414,Alta propensão,1
A00103,0.34177808166391954,Média propensão,0
A00104,0.7424875270148523,Alta propensão,0
A00105,0.3763542038610197,Média propensão,0
A00106,0.35274486720914383,Média propensão,0
A00107,0.5119040993558022,Alta propensão,1
A00108,0.2761183540604127,Baixa propensão,1
A00109,0.5547315103303553,Alta propensão,1
A00110,0.23469519417299525,Baixa propensão,1
A00111,0.5909378368166617,Alta propensão,1
A00112,0.4003661002888081,Alta propensão,0
A00113,0.5382567403866867,Alta propensão,0
A00114,0.469215469274141,Alta propensão,0
A00115,0.4692060381815243,Alta propensão,0
A00116,0.2804649577085782,Baixa propensão,0
A00117,0.3268377375767786,Média propensão,0
A00118,0.2606509221397278,Baixa propensão,0
A00119,0.28435677581053065,Baixa propensão,0
A00120,0.6373419423419314,Alta propensão,1
A00121,0.3245499133478275,Média propensão,0
A00122,0.28510015110943604,Baixa propensão,0
A00123,0.27844606560908214,Baixa propensão,0
A00124,0.254165067246306,Baixa propensão,1
A00125,0.5580471433130089,Alta propensão,0
A00126,0.28672042241325985,Baixa propensão,0
A00127,0.3191736378630999,Média propensão,0
A00128,0.30665143456952854,Média propensão,0
A00129,0.7883335735264184,Alta propensão,1
A00130,0.30280136977697125,Média propensão,1
A00131,0.33113138037856765,Média propensão,0
A00132,0.29354079552392015,Baixa propensão,1
A00133,0.5082296031029312,Alta propensão,1
A00134,0.5921732104387468,Alta propensão,0
A00135,0.31846816300733094,Média propensão,0
A00136,0.27879275158402383,Baixa propensão,0
A00137,0.2990989859266575,Baixa propensão,1
A00138,0.5349809286007317,Alta propensão,0
A00139,0.5332714196464248,Alta propensão,0
A00140,0.5182792407422144,Alta propensão,0
A00141,0.3173384566057453,Média propensão,0
A00142,0.2048594745434571,Baixa propensão,0
A00143,0.5719740922619181,Alta propensão,0
A00144,0.8064170357405858,Alta propensão,1
A00145,0.5411409688581232,Alta propensão,0
A00146,0.37369221735744174,Média propensão,0
A00147,0.29671198395300147,Baixa propensão,0
A00148,0.3085743385974309,Média propensão,1
A00149,0.3510325014329797,Média propensão,1
A00150,0.31219964243076337,Média propensão,0
A00151,0.2894282212845212,Baixa propensão,0
A00152,0.6093237672534887,Alta propensão,1
A00153,0.32607347255456837,Média propensão,0
A00154,0.22128262713828672,Baixa propensão,0
A00155,0.3121845453459875,Média propensão,0
A00156,0.324314794372377,Média propensão,1
A00157,0.23837896255300414,Baixa propensão,1
A00158,0.3373085051883271,Média propensão,1
A00159,0.4723641721338352,Alta propensão,0
A00160,0.3437564715046562,Média propensão,0
A00161,0.2720288124171701,Baixa propensão,0
A00162,0.621089532430818,Alta propensão,1
A00163,0.3056868357154496,Média propensão,0
A00164,0.2591384547306003,Baixa propensão,0
A00165,0.37683715275342106,Média propensão,0
A00166,0.27387282531387824,Baixa propensão,0
A00167,0.34354563278955325,Média propensão,0
A00168,0.5687531790841907,Alta propensão,0
A00169,0.3866366075087418,Alta propensão,0
A00170,0.25946599791824726,Baixa propensão,0
A00171,0.3162312283327601,Média propensão,1
A00172,0.39377920464785143,Alta propensão,0
A00173,0.257503140031204,Baixa propensão,1
A00174,0.30029741722632186,Média propensão,0
A00175,0.40978580131823567,Alta propensão,1
A00176,0.2710926148313507,Baixa propensão,1
A00177,0.48983014948148806,Alta propensão,1
A00178,0.34388815850885635,Média propensão,0
A00179,0.3326265027656009,Média propensão,0
A00180,0.38365797399755197,Média propensão,0
A00181,0.31463013541729484,Média propensão,1
A00182,0.3716559489609332,Média propensão,1
A00183,0.22648715175623413,Baixa propensão,0
A00184,0.20013985638257523,Baixa propensão,0
A00185,0.5648093143431935,Alta propensão,1
A00186,0.304901559821183,Média propensão,0
A00187,0.4335098375119312,Alta propensão,1
A00188,0.3743572453790081,Média propensão,0
A00189,0.5261520028704905,Alta propensão,0
A00190,0.43458922541857886,Alta propensão,0
A00191,0.3380660219406159,Média propensão,0
A00192,0.3650592661689646,Média propensão,0
A00193,0.24259711823205088,Baixa propensão,1
A00194,0.5547417378237479,Alta propensão,0
A00195,0.2320536251746829,Baixa propensão,0
A00196,0.28848406406849175,Baixa propensão,0
A00197,0.29828794780013945,Baixa propensão,1
A00198,0.4220670104545863,Alta propensão,0
A00199,0.36540200923882926,Média propensão,1
A00200,0.2979794551942682,Baixa propensão,0
A00201,0.8175366423685961,Alta propensão,1
A00202,0.5423458795094347,Alta propensão,1
A00203,0.3961145436066854,Alta propensão,0
A00204,0.3694203247299104,Média propensão,0
A00205,0.2173002906484987,Baixa propensão,0
A00206,0.5766669141988393,Alta propensão,1
A00207,0.315427735085473,Média propensão,0
A00208,0.5438437861857673,Alta propensão,0
A00209,0.7984774336281174,Alta propensão,1
A00210,0.3399850815297082,Média propensão,0
A00211,0.3307069845637264,Média propensão,1
A00212,0.3795608080803927,Média propensão,0
A00213,0.6375322265781169,Alta propensão,0
A00214,0.24149371875776005,Baixa propensão,1
A00215,0.39254361342976074,Alta propensão,0
A00216,0.4017043320729494,Alta propensão,1
A00217,0.26136937326687465,Baixa propensão,0
A00218,0.3062793663203274,Média propensão,0
A00219,0.5664516782115065,Alta propensão,0
A00220,0.2481735956778407,Baixa propensão,1
A00221,0.266529072473878,Baixa propensão,0
A00222,0.5169056684802312,Alta propensão,0
A00223,0.31052165615025645,Média propensão,1
A00224,0.5654654430101008,Alta propensão,1
A00225,0.5641426497718908,Alta propensão,0
A00226,0.7920251576147882,Alta propensão,1
A00227,0.2627554491689214,Baixa propensão,1
A00228,0.3489493695437796,Média propensão,0
A00229,0.22548479831248922,Baixa propensão,0
A00230,0.24899653704942942,Baixa propensão,1
A00231,0.3649826715133318,Média propensão,0
A00232,0.7945166778155088,Alta propensão,1
A00233,0.43055789294392,Alta propensão,0
A00234,0.35371465351585113,Média propensão,0
A00235,0.21596967434456385,Baixa propensão,0
A00236,0.5945256318651793,Alta propensão,0
A00237,0.40786043373616554,Alta propensão,0
A00238,0.36322645100714107,Média propensão,1
A00239,0.31368529994532673,Média propensão,1
A00240,0.4866896033373399,Alta propensão,0
A00241,0.25022497756461487,Baixa propensão,0
A00242,0.30311843505478264,Média propensão,0
A00243,0.2686328333681964,Baixa propensão,0
A00244,0.29824202180682,Baixa propensão,0
A00245,0.32664557450864545,Média propensão,0
A00246,0.3174451829748057,Média propensão,0
A00247,0.5308887472467959,Alta propensão,1
A00248,0.2613010983147522,Baixa propensão,0
A00249,0.6309217195295345,Alta propensão,0
A00250,0.8444053379665848,Alta propensão,1
A00251,0.304733204209107,Média propensão,1
A00252,0.2639812097042962,Baixa propensão,1
A00253,0.28410063547073017,Baixa propensão,0
A00254,0.2754373501896896,Baixa propensão,1
A00255,0.20114719104921255,Baixa propensão,0
A00256,0.49808845385970735,Alta propensão,0
A00257,0.3283348456449008,Média propensão,0
A00258,0.21238275803137827,Baixa propensão,0
A00259,0.24193943525730216,Baixa propensão,1
A00260,0.3275063434033956,Média propensão,1
A00261,0.2523513386589441,Baixa propensão,0
A00262,0.24891601552760012,Baixa propensão,1
A00263,0.36905239073233514,Média propensão,1
A00264,0.3317203597937593,Média propensão,0
A00265,0.6436296837735342,Alta propensão,1
A00266,0.3188899063977758,Média propensão,0
A00267,0.4982006892835066,Alta propensão,0
A00268,0.35312428275177055,Média propensão,0
A00269,0.39324958888325756,Alta propensão,0
A00270,0.30845932250844854,Média propensão,1
A00271,0.4155549401681622,Alta propensão,0
A00272,0.2912752704849626,Baixa propensão,0
A00273,0.34121472814392245,Média propensão,1
A00274,0.3633838233489135,Média propensão,1
A00275,0.6436067497959387,Alta propensão,1
A00276,0.41470379728691137,Alta propensão,1
A00277,0.35258037804117665,Média propensão,1
A00278,0.34222033199374885,Média propensão,0
A00279,0.32529174167715164,Média propensão,1
A00280,0.3795190028261045,Média propensão,0
A00281,0.33344578354967164,Média propensão,0
A00282,0.298618549514965,Baixa propensão,0
A00283,0.8379631724189075,Alta propensão,1
A00284,0.30423609725521905,Média propensão,0
A00285,0.2917262365624567,Baixa propensão,0
A00286,0.23284127569853044,Baixa propensão,1
A00287,0.41770156386278884,Alta propensão,0
A00288,0.5307482337992026,Alta propensão,1
A00289,0.356388176216698,Média propensão,0
A00290,0.25797254941655046,Baixa propensão,0
A00291,0.2111097085124523,Baixa propensão,0
A00292,0.3470416903720863,Média propensão,0
A00293,0.398381045288204,Alta propensão,0
A00294,0.3091175717811047,Média propensão,1
A00295,0.20988213594650143,Baixa propensão,0
A00296,0.5096341663926376,Alta propensão,0
A00297,0.3160343810871906,Média propensão,1
A00298,0.3362731372632782,Média propensão,1
A00299,0.33188083930678436,Média propensão,1
A00300,0.4032688620852922,Alta propensão,1
A00301,0.2511956361903243,Baixa propensão,0
A00302,0.24883863093551345,Baixa propensão,0
A00303,0.4521414538968485,Alta propensão,1
A00304,0.673280514429627,Alta propensão,1
A00305,0.4017582640020755,Alta propensão,1
A00306,0.337522779118095,Média propensão,0
A00307,0.35161187963739077,Média propensão,0
A00308,0.32650632727206963,Média propensão,0
A00309,0.33013938321064595,Média propensão,0
A00310,0.32831357748237444,Média propensão,1
A00311,0.5420647119132425,Alta propensão,0
A00312,0.3792317973928819,Média propensão,0
A00313,0.6356102251108686,Alta propensão,1
A00314,0.3178946343620318,Média propensão,0
A00315,0.48168800562858516,Alta propensão,0
A00316,0.3329033966129517,Média propensão,1
A00317,0.5832357682366686,Alta propensão,0
A00318,0.3570811972499442,Média propensão,0
A00319,0.22838524831642346,Baixa propensão,0
A00320,0.2861945866937388,Baixa propensão,0
A00321,0.2926637516234857,Baixa propensão,0
A00322,0.36858093241265427,Média propensão,0
A00323,0.3296401274473491,Média propensão,1
A00324,0.6741016149525272,Alta propensão,0
A00325,0.40613617803856017,Alta propensão,1
A00326,0.5890788161090222,Alta propensão,0
A00327,0.24604017208424808,Baixa propensão,0
A00328,0.5535046746116155,Alta propensão,0
A00329,0.6213356627928178,Alta propensão,0
A00330,0.2746154923338679,Baixa propensão,0
A00331,0.337640533477582,Média propensão,1
A00332,0.4123001075758089,Alta propensão,0
A00333,0.3244598967091051,Média propensão,1
A00334,0.24073089488120317,Baixa propensão,0
A00335,0.3441739418331009,Média propensão,0
A00336,0.41700834773632983,Alta propensão,0
A00337,0.2642855125707619,Baixa propensão,0
A00338,0.45400109685832124,Alta propensão,0
A00339,0.43276451379776854,Alta propensão,0
A00340,0.36812885005668233,Média propensão,1
A00341,0.32867696347761033,Média propensão,0
A00342,0.27391806822243064,Baixa propensão,0
A00343,0.5688397413116378,Alta propensão,0
A00344,0.4746172117191517,Alta propensão,0
A00345,0.2848177549608475,Baixa propensão,0
A00346,0.5766959141118879,Alta propensão,0
A00347,0.2298856921797129,Baixa propensão,0
A00348,0.2819047556155492,Baixa propensão,0
A00349,0.5549830020134441,Alta propensão,1
A00350,0.2291348210030031,Baixa propensão,0
A00351,0.2610895596469327,Baixa propensão,0
A00352,0.2809913532218298,Baixa propensão,1
A00353,0.2707063086647202,Baixa propensão,0
A00354,0.3694122626645119,Média propensão,0
A00355,0.553822571411633,Alta propensão,1
A00356,0.2800058189714009,Baixa propensão,1
A00357,0.514794756062645,Alta propensão,1
A00358,0.3101643577479501,Média propensão,0
A00359,0.336411438437498,Média propensão,0
A00360,0.31083627228292027,Média propensão,0
A00361,0.2764464751705709,Baixa propensão,0
A00362,0.2656528993830871,Baixa propensão,0
A00363,0.4750569998764332,Alta propensão,1
A00364,0.34001908189912655,Média propensão,1
A00365,0.3891384897645878,Alta propensão,0
A00366,0.2634547675238828,Baixa propensão,0
A00367,0.3234543288401324,Média propensão,1
A00368,0.3191572182651304,Média propensão,1
A00369,0.23174356097848473,Baixa propensão,1
A00370,0.6007955622788306,Alta propensão,1
A00371,0.3097412367756977,Média propensão,0
A00372,0.35072858097888443,Média propensão,0
A00373,0.33084094914595974,Média propensão,0
A00374,0.2785025646012969,Baixa propensão,0
A00375,0.33837580615836044,Média propensão,1
A00376,0.2545283633038493,Baixa propensão,0
A00377,0.29377289146697483,Baixa propensão,1
A00378,0.33376537440690474,Média propensão,0
A00379,0.328658567832377,Média propensão,1
A00380,0.21937336359003773,Baixa propensão,0
A00381,0.2818096024141293,Baixa propensão,1
A00382,0.39039244268942985,Alta propensão,1
A00383,0.5390981346429039,Alta propensão,1
A00384,0.24864557114413455,Baixa propensão,0
A00385,0.2596953851352735,Baixa propensão,1
A00386,0.5232171431961861,Alta propensão,1
A00387,0.4388516615779663,Alta propensão,1
A00388,0.47176567165316513,Alta propensão,1
A00389,0.47810149560307413,Alta propensão,1
A00390,0.5840043788671601,Alta propensão,1
A00391,0.2918248776958261,Baixa propensão,1
A00392,0.40641490621524373,Alta propensão,0
A00393,0.3503806567328549,Média propensão,0
A00394,0.3305846141562597,Média propensão,1
A00395,0.5233363540714678,Alta propensão,0
A00396,0.6281863644068932,Alta propensão,0
A00397,0.2949083037969846,Baixa propensão,1
A00398,0.4407446039023882,Alta propensão,1
A00399,0.36833278203797765,Média propensão,0
A00400,0.2769242190702938,Baixa propensão,0
A00401,0.3634197933688424,Média propensão,0
A00402,0.37899829043966277,Média propensão,0
A00403,0.21657884175917005,Baixa propensão,0
A00404,0.20865416434274495,Baixa propensão,1
A00405,0.4083911400963582,Alta propensão,0
A00406,0.3102032531334838,Média propensão,0
A00407,0.4183440650541739,Alta propensão,0
A00408,0.5491486062281311,Alta propensão,1
A00409,0.27999424122749483,Baixa propensão,0
A00410,0.6054471411435037,Alta propensão,0
A00411,0.2490633450890264,Baixa propensão,0
A00412,0.3116489131239461,Média propensão,0
A00413,0.3043210425396301,Média propensão,1
A00414,0.5406118279851616,Alta propensão,1
A00415,0.25510942074998477,Baixa propensão,0
A00416,0.332802691757147,Média propensão,1
A00417,0.3877210875941862,Alta propensão,1
A00418,0.31271344673114304,Média propensão,0
A00419,0.5039896156066398,Alta propensão,0
A00420,0.27281390416015033,Baixa propensão,0
A00421,0.5481764918448145,Alta propensão,1
A00422,0.3075518523298943,Média propensão,1
A00423,0.5268389808729459,Alta propensão,1
A00424,0.3863907056466247,Alta propensão,1
A00425,0.29977410865193044,Baixa propensão,0
A00426,0.23037218993000808,Baixa propensão,0
A00427,0.2830351438329734,Baixa propensão,0
A00428,0.35208787318727636,Média propensão,0
A00429,0.3583787316564753,Média propensão,0
A00430,0.3115645753688482,Média propensão,0
A00431,0.7791743645511233,Alta propensão,1
A00432,0.3590626854228119,Média propensão,0
A00433,0.6632090629384944,Alta propensão,1
A00434,0.36204928150978716,Média propensão,0
A00435,0.532969446221599,Alta propensão,0
A00436,0.2445787160615448,Baixa propensão,0
A00437,0.3618236527800661,Média propensão,0
A00438,0.30269172053031856,Média propensão,0
A00439,0.4485116698625742,Alta propensão,1
A00440,0.5700883306289307,Alta propensão,0
A00441,0.3185344842177734,Média propensão,0
A00442,0.6927139004066524,Alta propensão,0
A00443,0.6290160911123438,Alta propensão,1
A00444,0.3092587315668362,Média propensão,1
A00445,0.3124329414641588,Média propensão,1
A00446,0.3889561898894931,Alta propensão,0
A00447,0.29978321677170405,Baixa propensão,0
A00448,0.2154806759962534,Baixa propensão,0
A00449,0.29401046257475544,Baixa propensão,1
A00450,0.3885036175038756,Alta propensão,1
A00451,0.435474270846914,Alta propensão,1
A00452,0.29289990172803904,Baixa propensão,0
A00453,0.605160785626119,Alta propensão,0
A00454,0.2667647701112169,Baixa propensão,0
A00455,0.27547398697842873,Baixa propensão,0
A00456,0.29574017087211707,Baixa propensão,1
A00457,0.3061952805354081,Média propensão,0
A00458,0.37087288356453724,Média propensão,0
A00459,0.44947153753282365,Alta propensão,1
A00460,0.21953717103991774,Baixa propensão,0
A00461,0.40262885420102507,Alta propensão,0
A00462,0.2695598387274396,Baixa propensão,0
A00463,0.26181887771348783,Baixa propensão,0
A00464,0.29258248112924407,Baixa propensão,0
A00465,0.5201968288620634,Alta propensão,1
A00466,0.36799968374025,Média propensão,0
A00467,0.2751546931202472,Baixa propensão,1
A00468,0.291431882771208,Baixa propensão,0
A00469,0.37507830978324885,Média propensão,1
A00470,0.8401344320496672,Alta propensão,1
A00471,0.5167748344040968,Alta propensão,0
A00472,0.4925137709257598,Alta propensão,0
A00473,0.3063119650101821,Média propensão,1
A00474,0.29920801160475696,Baixa propensão,0
A00475,0.4237649456660801,Alta propensão,0
A00476,0.23384937455442953,Baixa propensão,1
A00477,0.3456667713947521,Média propensão,1
A00478,0.3120267939633811,Média propensão,0
A00479,0.28593977923986535,Baixa propensão,0
A00480,0.2772892180444022,Baixa propensão,1
A00481,0.5147078806405603,Alta propensão,1
A00482,0.37064691261683835,Média propensão,0
A00483,0.33062309411688057,Média propensão,0
A00484,0.3845773794129977,Alta propensão,0
A00485,0.38527029737907054,Alta propensão,1
A00486,0.3635535644523055,Média propensão,0
A00487,0.2691941712874317,Baixa propensão,1
A00488,0.2544124168701111,Baixa propensão,1
A00489,0.22204510339692943,Baixa propensão,1
A00490,0.5797346725199559,Alta propensão,0
A00491,0.3488270562857325,Média propensão,1
A00492,0.6386509466880432,Alta propensão,1
A00493,0.251833160592521,Baixa propensão,0
A00494,0.2557468050853259,Baixa propensão,0
A00495,0.32404610145438656,Média propensão,0
A00496,0.27981200924258615,Baixa propensão,0
A00497,0.2969628098991925,Baixa propensão,1
A00498,0.24008401125879592,Baixa propensão,0
A00499,0.31896906212493326,Média propensão,1
A00500,0.33860593754945756,Média propensão,1
A00501,0.23754398097466806,Baixa propensão,0
A00502,0.372965495140242,Média propensão,0
A00503,0.2676710056632133,Baixa propensão,0
A00504,0.42526239279474404,Alta propensão,1
A00505,0.3188451249311564,Média propensão,0
A00506,0.3867272750503378,Alta propensão,1
A00507,0.6511101946658758,Alta propensão,1
A00508,0.3557957056503109,Média propensão,0
A00509,0.5550636362037306,Alta propensão,1
A00510,0.2758728705983438,Baixa propensão,0
A00511,0.6496704239457902,Alta propensão,0
A00512,0.28441373650064367,Baixa propensão,1
A00513,0.40176430866109647,Alta propensão,0
A00514,0.4569800375836628,Alta propensão,0
A00515,0.29781256406058026,Baixa propensão,0
A00516,0.4258086721340923,Alta propensão,0
A00517,0.2967503547092264,Baixa propensão,0
A00518,0.7818776526358061,Alta propensão,1
A00519,0.3631497297126385,Média propensão,1
A00520,0.5321426106609749,Alta propensão,1
A00521,0.22731496932686282,Baixa propensão,0
A00522,0.5983594907221411,Alta propensão,1
A00523,0.45452640031742153,Alta propensão,0
A00524,0.2828120372466193,Baixa propensão,1
A00525,0.5997230434481581,Alta propensão,1
A00526,0.4232052469298772,Alta propensão,0
A00527,0.44007007371827117,Alta propensão,0
A00528,0.3651579827789928,Média propensão,1
A00529,0.3677636764187759,Média propensão,0
A00530,0.3925727718873449,Alta propensão,1
A00531,0.8203251119124227,Alta propensão,1
A00532,0.3921781757831109,Alta propensão,0
A00533,0.33073604561086195,Média propensão,0
A00534,0.25831798479093954,Baixa propensão,1
A00535,0.27352362771351724,Baixa propensão,0
A00536,0.19267190124713804,Baixa propensão,1
A00537,0.36870145467506826,Média propensão,0
A00538,0.3278281918448869,Média propensão,0
A00539,0.29784720317854274,Baixa propensão,1
A00540,0.298330997438422,Baixa propensão,0
A00541,0.2047044714371338,Baixa propensão,1
A00542,0.39755999116824225,Alta propensão,0
A00543,0.21269317200242877,Baixa propensão,0
A00544,0.6503154085242887,Alta propensão,0
A00545,0.2506683970071799,Baixa propensão,0
A00546,0.3666850072453238,Média propensão,0
A00547,0.33603233350813355,Média propensão,1
A00548,0.28427621188395463,Baixa propensão,0
A00549,0.3358810653931719,Média propensão,0
A00550,0.33982291038053153,Média propensão,0
A00551,0.37595533204574566,Média propensão,1
A00552,0.3531619697378276,Média propensão,0
A00553,0.8236050553226115,Alta propensão,1
A00554,0.3352514175718506,Média propensão,0
A00555,0.42082397112353154,Alta propensão,0
A00556,0.28848692601023507,Baixa propensão,1
A00557,0.2816705918468695,Baixa propensão,0
A00558,0.3523179091087894,Média propensão,1
A00559,0.49765734622507407,Alta propensão,0
A00560,0.4108632486564176,Alta propensão,0
A00561,0.3463659287995312,Média propensão,0
A00562,0.33934837956100256,Média propensão,0
A00563,0.33826409935759405,Média propensão,0
A00564,0.30222069304028953,Média propensão,0
A00565,0.26701086377733513,Baixa propensão,0
A00566,0.29395777569860737,Baixa propensão,0
A00567,0.30870820864174864,Média propensão,1
A00568,0.399392299155784,Alta propensão,0
A00569,0.2747178988978058,Baixa propensão,0
A00570,0.1998502548647704,Baixa propensão,0
A00571,0.8368239601729996,Alta propensão,0
A00572,0.31452620869312387,Média propensão,0
A00573,0.37478442511028404,Média propensão,0
A00574,0.2743928691128868,Baixa propensão,0
A00575,0.513069162883585,Alta propensão,1
A00576,0.2771515131991612,Baixa propensão,0
A00577,0.3786233439159376,Média propensão,1
A00578,0.30137435936417917,Média propensão,0
A00579,0.32788676323671306,Média propensão,0
A00580,0.2868484197670461,Baixa propensão,1
A00581,0.3572221239164369,Média propensão,1
A00582,0.3088068389827155,Média propensão,1
A00583,0.3660355198141105,Média propensão,0
A00584,0.28256605744323454,Baixa propensão,0
A00585,0.29690026309345885,Baixa propensão,0
A00586,0.2896351259450092,Baixa propensão,0
A00587,0.27364923141701974,Baixa propensão,0
A00588,0.5629510283140929,Alta propensão,1
A00589,0.3868428589810852,Alta propensão,1
A00590,0.3139701698924681,Média propensão,0
A00591,0.3172213703825119,Média propensão,0
A00592,0.3045402062546741,Média propensão,1
A00593,0.6454473986589464,Alta propensão,1
A00594,0.3785495994959765,Média propensão,0
A00595,0.5215322641124502,Alta propensão,1
A00596,0.2634793008476162,Baixa propensão,1
A00597,0.34649020948604226,Média propensão,0
A00598,0.3806244412969731,Média propensão,1
A00599,0.3788467567980776,Média propensão,1
A00600,0.27308007341053286,Baixa propensão,1
A00601,0.6129322168749329,Alta propensão,0
A00602,0.29285925906509785,Baixa propensão,0
A00603,0.4606926820370971,Alta propensão,0
A00604,0.26697542322539825,Baixa propensão,0
A00605,0.2964064178372627,Baixa propensão,0
A00606,0.30706373140122806,Média propensão,0
A00607,0.21716483525950062,Baixa propensão,0
A00608,0.3436064671424644,Média propensão,1
A00609,0.37945434129849126,Média propensão,1
A00610,0.30772339127824344,Média propensão,0
A00611,0.28352704033227805,Baixa propensão,1
A00612,0.3467330936638392,Média propensão,1
A00613,0.23606742854322604,Baixa propensão,0
A00614,0.23867199629185548,Baixa propensão,1
A00615,0.7300473782955564,Alta propensão,1
A00616,0.24958322552745907,Baixa propensão,1
A00617,0.2775266104694301,Baixa propensão,0
A00618,0.34858762919700603,Média propensão,0
A00619,0.2618521685704608,Baixa propensão,0
A00620,0.3212973598423799,Média propensão,1
A00621,0.3307597113416958,Média propensão,0
A00622,0.20116309442793412,Baixa propensão,0
A00623,0.35272547217354705,Média propensão,1
A00624,0.8179382906497054,Alta propensão,1
A00625,0.7357577094624271,Alta propensão,1
A00626,0.27691105494551976,Baixa propensão,0
A00627,0.773080406685782,Alta propensão,0
A00628,0.5940369245983107,Alta propensão,1
A00629,0.40327771226354386,Alta propensão,0
A00630,0.4668162281130158,Alta propensão,1
A00631,0.2256975466511198,Baixa propensão,0
A00632,0.29962294295183617,Baixa propensão,0
A00633,0.40681837061822884,Alta propensão,1
A00634,0.3639779022599806,Média propensão,0
A00635,0.3915603312130402,Alta propensão,0
A00636,0.5492092019140599,Alta propensão,1
A00637,0.2699077468984474,Baixa propensão,0
A00638,0.33512661359890084,Média propensão,1
A00639,0.29322756591262217,Baixa propensão,0
A00640,0.2721045126403759,Baixa propensão,0
A00641,0.6121715193795717,Alta propensão,1
A00642,0.5796325711125723,Alta propensão,0
A00643,0.3089341036679935,Média propensão,1
A00644,0.2714482392876485,Baixa propensão,1
A00645,0.3028234163988384,Média propensão,1
A00646,0.527165143421582,Alta propensão,1
A00647,0.47317269226651404,Alta propensão,0
A00648,0.25617529785294635,Baixa propensão,0
A00649,0.609032504952029,Alta propensão,1
A00650,0.5395293498299791,Alta propensão,1
A00651,0.24918325868723837,Baixa propensão,0
A00652,0.25888949001924966,Baixa propensão,0
A00653,0.3352851715489037,Média propensão,0
A00654,0.5318606062850008,Alta propensão,1
A00655,0.3503898546585308,Média propensão,0
A00656,0.2603374899316337,Baixa propensão,0
A00657,0.32918444827476373,Média propensão,0
A00658,0.23575699735318278,Baixa propensão,0
A00659,0.6092938527980446,Alta propensão,0
A00660,0.6289188077652704,Alta propensão,1
A00661,0.2862393923375679,Baixa propensão,0
A00662,0.3536567590910783,Média propensão,0
A00663,0.3901589720014575,Alta propensão,1
A00664,0.38298117421880196,Média propensão,1
A00665,0.3543267661866961,Média propensão,0
A00666,0.8531066371613204,Alta propensão,1
A00667,0.4037974708763055,Alta propensão,1
A00668,0.2776480039805378,Baixa propensão,0
A00669,0.2721951557939212,Baixa propensão,0
A00670,0.5874540215425348,Alta propensão,1
A00671,0.49432481741418244,Alta propensão,0
A00672,0.3975678753735993,Alta propensão,1
A00673,0.21174358585177377,Baixa propensão,0
A00674,0.29147105152679104,Baixa propensão,0
A00675,0.5831937653150284,Alta propensão,1
A00676,0.28122169744956255,Baixa propensão,0
A00677,0.4887843552440209,Alta propensão,0
A00678,0.26418430781732255,Baixa propensão,0
A00679,0.3017278238678528,Média propensão,0
A00680,0.5627246588671401,Alta propensão,0
A00681,0.24391915581419552,Baixa propensão,0
A00682,0.2593674655625241,Baixa propensão,0
A00683,0.35495740392827607,Média propensão,0
A00684,0.38615877359911016,Alta propensão,1
A00685,0.23539448447965214,Baixa propensão,0
A00686,0.337747846565868,Média propensão,0
A00687,0.4267134309987235,Alta propensão,0
A00688,0.2792812005604459,Baixa propensão,0
A00689,0.6642873599819501,Alta propensão,1
A00690,0.6273682663697697,Alta propensão,1
A00691,0.2865353651097472,Baixa propensão,0
A00692,0.41556324237396713,Alta propensão,0
A00693,0.3746729762842742,Média propensão,0
A00694,0.34358709949790367,Média propensão,0
A00695,0.252915747903962,Baixa propensão,0
A00696,0.3697805370667299,Média propensão,0
A00697,0.2936969855104497,Baixa propensão,0
A00698,0.3281333470167249,Média propensão,0
A00699,0.21714352412069532,Baixa propensão,1
A00700,0.5407664877077375,Alta propensão,1
A00701,0.2818509463212152,Baixa propensão,0
A00702,0.6519745234992167,Alta propensão,0
A00703,0.5071192423912155,Alta propensão,0
A00704,0.30817927134578255,Média propensão,1
A00705,0.8436935287605918,Alta propensão,1
A00706,0.6102071844970121,Alta propensão,1
A00707,0.28733713673206074,Baixa propensão,0
A00708,0.3753514004930294,Média propensão,1
A00709,0.4206342402379871,Alta propensão,0
A00710,0.31700861082521353,Média propensão,0
A00711,0.233771957069126,Baixa propensão,0
A00712,0.33041670885603297,Média propensão,0
A00713,0.29825780395997414,Baixa propensão,0
A00714,0.35603980163487353,Média propensão,1
A00715,0.21834027295588573,Baixa propensão,0
A00716,0.6039952697413808,Alta propensão,1
A00717,0.27049989374595845,Baixa propensão,0
A00718,0.3161447415121867,Média propensão,1
A00719,0.316425781851705,Média propensão,0
A00720,0.2542638046531477,Baixa propensão,0
A00721,0.5504908926205078,Alta propensão,1
A00722,0.26210834077310763,Baixa propensão,0
A00723,0.5002507774433128,Alta propensão,1
A00724,0.3780558945468077,Média propensão,1
A00725,0.6156313923538016,Alta propensão,1
A00726,0.3173492546983786,Média propensão,0
A00727,0.2510227899334148,Baixa propensão,0
A00728,0.3646230919384335,Média propensão,1
A00729,0.5715541185921587,Alta propensão,1
A00730,0.38184580249329775,Média propensão,0
A00731,0.37182852601255956,Média propensão,0
A00732,0.4748294957836061,Alta propensão,0
A00733,0.5775126486581883,Alta propensão,0
A00734,0.23798204655461097,Baixa propensão,0
A00735,0.24255126181789036,Baixa propensão,0
A00736,0.2215356150470209,Baixa propensão,0
A00737,0.3106563365335398,Média propensão,0
A00738,0.28425056509961355,Baixa propensão,0
A00739,0.3325692755324255,Média propensão,1
A00740,0.6787160446568009,Alta propensão,1
A00741,0.3279964971499576,Média propensão,0
A00742,0.30285302296916816,Média propensão,0
A00743,0.5931059033572518,Alta propensão,1
A00744,0.5562228517450456,Alta propensão,0
A00745,0.3292924378093149,Média propensão,1
A00746,0.33524399904494145,Média propensão,0
A00747,0.3125962540053453,Média propensão,0
A00748,0.5361118238363235,Alta propensão,1
A00749,0.34727938491170957,Média propensão,0
A00750,0.5511365409683349,Alta propensão,0
A00751,0.6451043889574364,Alta propensão,0
A00752,0.2633532422447594,Baixa propensão,0
A00753,0.3314942487671532,Média propensão,1
A00754,0.24115393884939337,Baixa propensão,0
A00755,0.3705273094067131,Média propensão,1
A00756,0.396026532534317,Alta propensão,0
A00757,0.2673233719353482,Baixa propensão,0
A00758,0.27514169150913825,Baixa propensão,0
A00759,0.30037083345554416,Média propensão,1
A00760,0.5359219642905266,Alta propensão,0
A00761,0.34977750680184,Média propensão,1
A00762,0.24617273814179988,Baixa propensão,0
A00763,0.2999054424853182,Média propensão,1
A00764,0.2880825812022254,Baixa propensão,1
A00765,0.37459490504467524,Média propensão,0
A00766,0.16865450613325986,Baixa propensão,0
A00767,0.2901791666056616,Baixa propensão,0
A00768,0.36886807844913794,Média propensão,1
A00769,0.27280750036242135,Baixa propensão,0
A00770,0.28277431620601096,Baixa propensão,0
A00771,0.3793887013485737,Média propensão,0
A00772,0.3140163036581682,Média propensão,1
A00773,0.3137984819754957,Média propensão,1
A00774,0.3883189696125829,Alta propensão,0
A00775,0.2959545054527432,Baixa propensão,0
A00776,0.34684655411354154,Média propensão,1
A00777,0.38946709472308116,Alta propensão,0
A00778,0.2674852666110706,Baixa propensão,0
A00779,0.3376328397500806,Média propensão,1
A00780,0.3789692716019132,Média propensão,0
A00781,0.23115276018402278,Baixa propensão,0
A00782,0.29822023086235955,Baixa propensão,0
A00783,0.4156154670501203,Alta propensão,0
A00784,0.21396784434693683,Baixa propensão,1
A00785,0.23124519486870385,Baixa propensão,0
A00786,0.6015624044781752,Alta propensão,0
A00787,0.3213682813136775,Média propensão,0
A00788,0.32209261338992917,Média propensão,0
A00789,0.2666460609030873,Baixa propensão,0
A00790,0.48603845189167116,Alta propensão,0
A00791,0.347607037728415,Média propensão,1
A00792,0.27407157754999856,Baixa propensão,0
A00793,0.3572217601643349,Média propensão,1
A00794,0.2012386800414781,Baixa propensão,1
A00795,0.2880455628376262,Baixa propensão,0
A00796,0.4005456703706637,Alta propensão,0
A00797,0.5463130581041222,Alta propensão,0
A00798,0.412002327344449,Alta propensão,1
A00799,0.3524547424796483,Média propensão,0
A00800,0.2450598452951004,Baixa propensão,0
A00202_DUP,0.09490810303188553,Baixa propensão,0
A00679_DUP,0.16229194438779806,Baixa propensão,0
A00693_DUP,0.16685523226085802,Baixa propensão,0
A00268_DUP,0.18306139591621484,Baixa propensão,0
A00082_DUP,0.16229194438779806,Baixa propensão,0
A00739_DUP,0.12357904387402524,Baixa propensão,0
A00217_DUP,0.12168684249571202,Baixa propensão,0
A00788_DUP,0.13421265274551544,Baixa propensão,0
A00712_DUP,0.1515387723036498,Baixa propensão,0
A00097_DUP,0.10670227741289565,Baixa propensão,0
A00550_DUP,0.14501951871099733,Baixa propensão,0
A00648_DUP,0.10839022706285083,Baixa propensão,0
